# OSRS sound-effect config names, id<TAB>name.
# Source: the OSRS Wiki "List of sound IDs", which exists only because Jagex
# accidentally shipped the names in the Game Jam: POH Improvements update.
# The cache itself carries NO name hashes on index 4 (verified), so this table
# is the only way to go from a monster to its death cry. Ids only - every byte
# of audio still comes out of the local cache via extract-osrs-sounds.mjs.
0	eyeglo_battle_fighting_1
1	eyeglo_aspidistra
2	eyeglo_battle_gnomes_scared
3	eyeglo_battle_gnomes_1
4	eyeglo_battle_gnomes_scared_running
5	eyeglo_battle_gnomes_scared_2
6	eyeglo_crystal_axe_recharge
7	eyeglo_battle_goblins_1
8	eyeglo_bowl_ring
9	eyeglo_bowl_ring2
10	eyeglo_coin
11	eyeglo_creature_attack
12	sword_hit2
13	sword_hit2_mail
14	steel_mail
15	steel
16	big_bar
17	big_bar_mail
18	swordclash4_mail
19	dragon_armour
20	dragon_mail
21	swordclash4
22	blade3_mail
23	blade3
24	leather_hit
25	steel2
26	steel2_mail
27	swordclash3_mail
28	blade2_mail
29	blade2
30	crystal_armour_4
31	stone_armour1
32	stone_armour2
33	stone_armour3
34	bamboo_door_close
35	a_door_close
36	a_door_open
37	barrows_door_unlock
38	bamboo_door_open
39	bamboodoor_close
40	bamboodoor_open
41	barrows_door_open
42	bookcase_open_and_close
43	big_wooden_door_close
44	big_wooden_door_open
45	bigdoor_close
46	bigdoor_open
47	bone_door_close
48	bone_door_open
49	creakydoor_close
50	casket_open
51	chest_close
52	chest_open
53	coffin_close
54	coffin_open
55	small_creaky_door_close
56	creakydoor_open
57	cupboard_close
58	cupboard_open
59	curtain_open
60	door_close
61	door_creak
62	door_open
63	drawer_close
64	drawer_open
65	fire_door_pass
66	gate_close
67	gate_open
68	grate_close
69	grate_open
70	iron_door_close
71	iron_door_open
72	irondoor_locked
73	jar_open
74	manhole_close
75	manhole_open
76	marble_door_close
77	marble_door_open
78	new_door_close
79	new_door_open
80	nicedoor_close
81	nicedoor_open
82	portcullis_close
83	portcullis_open
84	sliding_grate
85	small_creaky_door_open
86	stone_door
87	stone_door_locked
88	trap_door_close
89	trap_door_open
90	trapdoor_close
91	trapdoor_open
92	treedoor_close
93	treedoor_open
94	vent_door_open
95	wardrobe_close
96	wardrobe_open
97	high_alchemy
98	low_alchemy
99	bind_impact
100	bind_all
101	bind_cast
102	blood_barrage_impact
103	blood_blitz_all
104	blood_blitz_impact
105	blood_burst_impact
106	blood_cast
107	blood_rush_all
108	blood_rush_casting
109	blood_rush_fail
110	blood_rush_impact
111	blood_rush_work
112	blood_travel
113	blood_travel_2
114	bones_to_bananas_all
115	charge_earth_orb
116	charge_air_orb
117	charge_fire_orb
118	charge_water_orb
119	confuse_cast_and_fire
120	confuse_all
121	confuse_hit
122	crumble_cast_and_fire
123	crumble_all
124	crumble_hit
125	curse_all
126	curse_hit
127	curse_cast_and_fire
128	earthblast_cast_and_fire
129	earthblast_hit
130	earthbolt_cast_and_fire
131	earthbolt_hit
132	earthstrike_cast_and_fire
133	earthstrike_hit
134	earthwave_cast_and_fire
135	earthwave_hit
136	enchant_sapphire_amulet
137	enchant_diamond_amulet
138	enchant_diamond_ring
139	enchant_dragon_amulet
140	enchant_dragon_ring
141	enchant_emerald_amulet
142	enchant_emerald_ring
143	enchant_onyx_amulet
144	enchant_onyx_ring
145	enchant_ruby_amulet
146	enchant_ruby_ring
147	enchant_sapphire_ring
148	enfeeble_cast_and_fire
149	enfeeble_all
150	enfeeble_hit
151	entangle_cast_and_fire
152	entangle_all
153	entangle_hit
154	paralyze
155	fireblast_cast_and_fire
156	fireblast_hit
157	firebolt_cast_and_fire
158	firebolt_hit
159	firebreath
160	firestrike_cast_and_fire
161	firestrike_hit
162	firewave_cast_and_fire
163	firewave_hit
164	lesserdemon_fire_cast
165	doubleheal
166	heal
167	selfheal
168	ice_barrage_impact
169	ice_blitz_impact
170	ice_burst_impact
171	ice_cast
172	ice_magic_all
173	ice_rush_impact
174	magic_dart_hit
175	shadow_barrage_impact
176	shadow_blitz_impact
177	shadow_burst_impact
178	shadow_cast
179	shadow_rush_impact
180	smoke_barrage_impact
181	smoke_blitz_impact
182	smoke_burst_impact
183	smoke_cast
184	smoke_cast2
185	smoke_rush_impact
186	snare_all
187	stun_all
188	summon_npc
189	summon_zombie
190	superheat_all
191	superheat_fail
192	telegrab_all
193	aide_teleport_chalk
194	aide_teleport_book
195	aide_teleport_portal
196	aide_teleport_sitdown
197	block_teleport
198	quick_teleport
199	tele_other_cast
200	teleport_all
201	teleport_reverse
202	teleportblock_cast
203	teleportblock_impact
204	wilderness_teleport
205	undead_rot
206	vulnerability_all
207	waterblast_cast_and_fire
208	waterblast_hit
209	waterbolt_cast_and_fire
210	waterbolt_hit
211	waterstrike_cast_and_fire
212	waterstrike_hit
213	waterwave_cast_and_fire
214	waterwave_hit
215	weaken_all
216	windblast_cast_and_fire
217	windblast_hit
218	windbolt_cast_and_fire
219	windbolt_hit
220	windstrike_cast_and_fire
221	windstrike_hit
222	windwave_cast_and_fire
223	windwave_hit
224	zap
225	darklight_weaken
226	equip_magic
227	spellfail
228	wave_wand
229	zamorak_flame
230	abyssal_leech_death
231	abyssal_leech_hit
232	abyssal_leech_suck
233	abyssal_walker_attack
234	abyssal_walker_death
235	abyssal_walker_hit
236	fourface_attack
237	fourface_death
238	fourface_hit
239	fourface_ranged
240	underwater_mogre_attack
241	mudskipper_attack
242	mudskipper_death
243	mudskipper_hit
244	mugre_attack
245	mugre_death
246	mugre_hit
247	underwater_mugre_attack
248	underwater_mugre_death
249	underwater_mugre_hit
250	tzhaar_ket_attack_club
251	tzhaar_hur_attack
252	tzhaar_hur_death
253	tzhaar_hur_hit
254	tzhaar_ket_attack_multiclub
255	tzhaar_ket_attack_punch
256	tzhaar_ket_death
257	tzhaar_ket_hit
258	tzhaar_ket_hit_shield
259	tzhaar_ket_hit_shield2
260	tzhaar_mej_attack
261	tzhaar_mej_attack_punch
262	tzhaar_mej_attack_staff
263	tzhaar_mej_death
264	tzhaar_mej_hit
265	tzhaar_staff
266	tzhaar_xil_attack_blade
267	tzhaar_xil_attack_fork
268	tzhaar_xil_attack_multiblade
269	tzhaar_xil_attack_ring
270	tzhaar_xil_death
271	tzhaar_xil_hit
272	spectre_attack
273	goo_hit
274	spectre_death
275	spectre_hit
276	abyssal_attack
277	abyssal_death
278	abyssal_hit
279	animated_death2
280	animated_death
281	animated_hit
282	banshee_attack
283	banshee_attack_earmuffs
284	banshee_attack_normal
285	banshee_death
286	banshee_hit
287	basilisk_attack
288	basilisk_attack2
289	basilisk_death
290	basilisk_hit
291	firebat_attack
292	bat_attack
293	bat_death
294	bat_hit
295	firebat_death
296	firebat_hit
297	anger_bear_attack
298	anger_bear_death
299	anger_bear_hit
300	bear_attack
301	bear_death
302	bear_hit
303	bearman_attack
304	bearman_death
305	bearman_hit
306	bird_attack
307	bird_death
308	bird_hit
309	seagull_attack
310	seagull_death
311	seagull_hit
312	bloodveld_attack
313	bloodveld_death
314	bloodveld_hit
315	large_boneguard_attack
316	large_boneguard_death
317	large_boneguard_hit
318	small_boneguard_attack
319	small_boneguard_death
320	small_boneguard_hit
321	boulder_rolling_loop
322	boulder_loop
323	brawler_attack
324	brawler_cry
325	brawler_death
326	brawler_hit
327	camel_disgruntled
328	catablepon_attack
329	catablepon_death
330	catablepon_hit
331	catablepon_hit2
332	kitten_attack
333	cat_attack
334	cat_death
335	cat_hiss
336	cat_hit
337	kitten_death
338	kitten_hit
339	kittens_mew
340	purr
341	cave_crawler_attack
342	cave_crawler_death
343	cave_crawler_hit
344	chaos_elemental_confusion_cast
345	chaos_elemental_attack
346	chaos_elemental_confusion_impact
347	chaos_elemental_death
348	chaos_elemental_discord
349	chaos_elemental_discord_cast
350	chaos_elemental_discord_impact
351	chaos_elemental_hit
352	chaos_elemental_madness_cast
353	chaos_elemental_madness_impact
354	rubber_chicken_cluck
355	chicken_attack
356	chicken_death
357	chicken_hit
358	lay_egg
359	chinchompa_attack
360	chinchompa_explode
361	chinchompa_hit
362	chinchompa_trapped
363	cockatrice_attack
364	cockatrice_death
365	cockatrice_hit
366	calf_attack
367	calf_death
368	calf_hit
369	cow_attack
370	cow_death
371	cow_hit
372	milk_cow
373	milk_cow2
374	small_crab_attack
375	small_crab_death
376	small_crab_hit
377	hand_attack
378	hand_death
379	hand_hit
380	fake_creeper_death
381	creeper_attack
382	creeper_death
383	creeper_hit
384	creeper_impact
385	creeper_spit
386	crocodile_attack
387	crocodile_death
388	crocodile_hit
389	dark_beast_attack
390	dark_beast_death
391	dark_beast_hit
392	defiler_attack
393	defiler_death
394	defiler_hit
395	defiler_spike
396	demon_champion_attack
397	black_demon_attack
398	black_demon_death
399	black_demon_hit
400	demon_attack
401	demon_champion_death
402	demon_champion_hit
403	demon_death
404	demon_hit
405	babydragon_attack
406	babydragon_death
407	babydragon_hit
408	dragon_attack
409	dragon_death
410	dragon_hit
411	duck_death
412	duck_hit
413	quack
414	dust_devil_attack
415	dust_devil_death
416	dust_devil_hit
417	dwarf_attack
418	dwarf_death
419	dwarf_hit
420	dwarf_work
421	eagle_attack
422	eagle_attack2
423	eagle_death
424	eagle_hit
425	elf_attack
426	elf_death
427	elf_hit
428	gargoyle_attack
429	gargoyle_death
430	gargoyle_hit
431	ghast_disappear
432	ghast_appear
433	ghast_attack
434	ghast_death
435	ghast_hit
436	ghost_attack
437	ghost_attack2
438	ghost_death
439	ghost_hit
440	ghost_hit2
441	ghoul_champion_attack
442	ghoul_attack
443	ghoul_death
444	ghoul_hit
445	giant_champion_attack
446	earth_giant_attack
447	fire_giant_attack
448	giant_attack
449	moss_giant_attack
450	giant_death
451	giant_hit
452	gnome_glider_attack
453	gnome_attack
454	gnome_death
455	gnome_hit
456	gnome_tortoise_mounted_attack
457	gnome_tortoise_attack
458	gnome_tortoise_death
459	gnome_tortoise_hit
460	gnome_tortoise_mounted_death
461	gnome_tortoise_mounted_hit
462	anger_goblin_attack
463	anger_goblin_death
464	anger_goblin_hit
465	cave_goblin_attack
466	cave_goblin_death
467	cave_goblin_hit
468	goblin_armed
469	goblin_attack
470	goblin_champion_attack
471	goblin_death
472	goblin_hit
473	hobgoblin_champion_hit
474	golem_attack
475	golem_death
476	golem_hit
477	gorilla_beat_loop
478	gorilla_attack
479	gorilla_beatchest
480	gorilla_death
481	gorilla_hit
482	gorilla_hit2
483	growl
484	growl2
485	growl3
486	growl4
487	growl5
488	growl6
489	half_werewolf_attack
490	half_werewolf_death
491	half_werewolf_hit
492	hopeless_attack
493	hopeless_death
494	hopeless_hit
495	hopeless_suck
496	jungle_horror_attack
497	cave_horror_howl
498	jungle_horror_attack2
499	jungle_horror_death
500	jungle_horror_hit
501	barbarian_female_hit
502	barbarian_death
503	human_underwater_death
504	barbarian_hit
505	female_death
506	female_hit
507	female_hit1
508	female_hit2
509	female_hit_1
510	female_hit_2
511	human_block_1
512	human_death
513	human_hit
514	human_hit2
515	human_hit3
516	human_hit4
517	human_hit5
518	human_hit_1
519	human_hit_2
520	human_hit_3
521	human_hit_4
522	human_hit_6
523	human_hit_7
524	huntingbeast_death
525	kebbit_attack
526	kebbit_caught
527	kebbit_death
528	kebbit_hit
529	ice_warrior_death
530	ice_warrior_hit
531	icefiend_attack
532	icefiend_death
533	icefiend_hit
534	imp_attack
535	imp_death
536	imp_hit
537	insect_attack
538	insect_death
539	insect_hit
540	insect_trapped
541	kilrag_attack
542	kilrag_death
543	kilrag_hit
544	jackal_attack
545	jackal_death
546	jackal_hit
547	jelly_attack
548	jelly
549	jelly_death
550	jelly_hit
551	kalphite_flyingqueen_attack
552	kalphite_crack_open
553	kalphite_flyingqueen_death
554	kalphite_flyingqueen_hit
555	kalphite_queen_spines
556	kalthite_egg_crack
557	kalthite_lightning
558	kalthite_lightning_glow
559	kalthite_lightning_impact
560	kalthite_lord_attack
561	kalthite_lord_death
562	kalthite_lord_hit
563	kalthite_queen_attack
564	kalthite_queen_death
565	kalthite_queen_hit
566	kalthite_queen_hit2
567	kalthite_soldier_attack
568	kalthite_soldier_death
569	kalthite_soldier_hit
570	kalthite_squeal
571	kalthite_worker_attack
572	kalthite_worker_death
573	kalthite_worker_hit
574	mandibles
575	killerwatt_ball_attack
576	killerwatt_attack
577	killerwatt_electrocutes
578	killerwatt_ball_death
579	killerwatt_ball_hit
580	killerwatt_death
581	killerwatt_electrocute
582	killerwatt_transforms
583	killerwatt_hit
584	lightningbreath
585	dragonbreath
586	kingicebreath
587	toxicbreath
588	kurask_attack
589	kurask_death
590	kurask_hit
591	lava_launch
592	lava_hit
593	lava_hit_2
594	lava_launch_and_hit
595	lavabeast_attack
596	lavabeast_death
597	lavabeast_hit
598	magmaquiris_attack
599	magmaquiris_death
600	magmaquiris_hit
601	magmaquiris_spines
602	leech_death
603	leech_hit
604	leech_suck
605	lizard_attack
606	lizard_death
607	lizard_hit
608	lizard_cleric_attack
609	lizard_cleric_death
610	lizard_cleric_hit
611	lizardman_attack
612	lizardman_death
613	lizardman_hit
614	locust_attack
615	locust_mage_attack
616	locust_death
617	locust_hit
618	locust_mage_death
619	locust_mage_hit
620	locust_rider_death
621	locust_rider_hit
622	locust_rider_rear
623	mammoth_attack
624	mammoth_death
625	mammoth_hit
626	minotaur_attack
627	minotaur_death
628	minotaur_hit
629	zombie_monkey_attack
630	monkey_attack
631	monkey_caught
632	monkey_death
633	monkey_escape
634	monkey_hit
635	zombie_monkey_death
636	zombie_monkey_hit
637	giant_mosquito_attack
638	mummy_ash_death
639	mummy_appear
640	mummy_on_fire_attack
641	mummy_attack
642	mummy_death
643	mummy_hit
644	mummy_on_fire_death
645	nechrayel_attack
646	nechrayel_death
647	nechrayel_hit
648	orc_attack
649	orc_death
650	orc_hit
651	nasty_tree_attack
652	barklike
653	birdlike
654	cry1
655	cry3
656	goblin2
657	horse_hit
658	rock_spirit_appear
659	rock_spirit
660	scream2
661	scream
662	otherworld_attack
663	otherworld_death
664	otherworld_hit
665	screech2
666	panther_attack
667	panther_death
668	panther_hit
669	penance_queen_range_impact
670	penance_fighter_attack
671	penance_fighter_death
672	penance_fighter_hit
673	penance_healer_heal
674	penance_healer_poison
675	penance_queen_attack
676	penance_queen_death
677	penance_queen_hit
678	penance_queen_range
679	penance_ranger_range_hit
680	penance_ranger_attack
681	penance_ranger_death
682	penance_ranger_hit
683	penance_spawn_death
684	penance_spawn_spawn
685	penance_spawn_hit
686	penguinsheep_escape
687	penguin_attack
688	penguin_death
689	penguin_hit
690	pheasant_attack
691	pheasant_death
692	pheasant_hit
693	pig_attack
694	pig_death
695	pig_hit
696	pyrefiend_attack
697	pyrefiend_death
698	pyrefiend_hit
699	rabbit_atmospheric
700	rabbit_attack
701	rabbit_death
702	rabbit_hit
703	anger_rat_attack
704	anger_rat_death
705	anger_rat_hit
706	king_rat_attack
707	king_rat_death
708	king_rat_hiss
709	king_rat_hit
710	rat_attack
711	rat_death
712	rat_drown
713	rat_hit
714	ravager_attack
715	ravager_death
716	ravager_hit
717	small_rock_crab_attack
718	rock_crab_attack
719	rock_crab_death
720	rock_crab_hit
721	underwater_rock_crab_attack
722	small_rock_crab_death
723	small_rock_crab_hit
724	underwater_rock_crab_death
725	underwater_rock_crab_hit
726	rock_lobster_attack
727	rock_lobster_death
728	rock_lobster_hit
729	rockslug_attack
730	rockslug_death
731	rockslug_hit
732	equip_salamander
733	salamander_attack
734	salamander_belch
735	salamander_blast
736	salamander_blaze
737	salamander_death
738	salamander_flame
739	salamander_hit
740	salamander_scorch
741	scarab_boss_attack
742	scarab_boss_death
743	scarab_boss_hit
744	shade_appear
745	shade_attack
746	shade_death
747	shade_hit
748	shade_sigh
749	shadow_beast_attack
750	shadow_beast_death
751	shadow_beast_hit
752	shark_attack
753	shark_death
754	shark_hit
755	angry_sheep
756	cattleprod
757	ram_attack
758	ram_death
759	ram_hit
760	shear_once
761	shear_sheep
762	sheep_attack
763	sheep_death
764	sheep_hit
765	sheepcall1
766	shifter_attack
767	shifter_death
768	shifter_hit
769	skwy_bite
770	skwy_death
771	skwy_hit
772	skwy_ice
773	skwy_tail
774	armed_skeleton_hit
775	armed_skeleton
776	skeleton_attack
777	skeleton_death
778	skeletons_hiss
779	skelly_hit
780	slagilith_appear
781	slagilith_attack
782	slagilith_death
783	slagilith_hit
784	slime_attack
785	slime_death
786	slime_hit
787	snail_death
788	snail_spit2
789	snail_hit
790	snail_spit
791	big_seasnake_attack
792	big_seasnake_death
793	big_seasnake_hit
794	seasnake_attack
795	seasnake_death
796	seasnake_hit
797	snake_attack
798	snake_death
799	snake_hiss
800	snake_hit
801	snaketest1
802	sphinx_attack
803	sphinx_death
804	sphinx_hit
805	spinner_attack
806	spinner_death
807	spinner_hit
808	spinner_spin
809	splatter_attack
810	splatter_death
811	splatter_hit
812	stag_attack
813	stag_death
814	stag_hit
815	sukqa_attack
816	sukqa_death
817	sukqa_hit
818	swarm_appear
819	swarm_attack
820	swarm_death
821	swarm_hit
822	tanglewood_large_attack
823	tanglewood_large_death
824	tanglewood_large_hit
825	tanglewood_small_attack
826	tanglewood_small_death
827	tanglewood_small_hit
828	dragonkin_attack
829	dragonkin_death
830	dragonkin_hit
831	terrorbird_appear
832	terrorbird_attack
833	terrorbird_death
834	terrorbird_hit
835	tiger_attack
836	tiger_death
837	tiger_hit
838	giant_toad_attack
839	giant_toad_death
840	giant_toad_hit
841	toad2
842	toad_attack
843	toad_death
844	toad_hit
845	torcher_attack
846	torcher_death
847	torcher_fire
848	torcher_hit
849	ice_troll_hit
850	sea_troll_appear
851	rock_impact
852	sea_troll_queen_appear
853	sea_troll_attack
854	sea_troll_death
855	sea_troll_general
856	sea_troll_hit
857	sea_troll_queen_attack
858	sea_troll_queen_death
859	sea_troll_queen_hit
860	stone_impact
861	troll_attack
862	troll_champion_attack
863	troll_champion_death
864	troll_champion_hit
865	troll_champion_swing
866	troll_death
867	troll_guard_attack
868	troll_hit
869	troll_snore
870	troll_throw_rock
871	troll_with_rock_attack
872	trolls_shout
873	turoth_attack
874	turoth_death
875	turoth_hit
876	anger_unicorn_attack
877	anger_unicorn_death
878	anger_unicorn_hit
879	vampire_attack
880	flapping
881	vampire_death_mist
882	vampire_death
883	vyrewatch_vampire_hit
884	vampire_hit
885	vampire_land
886	vampire_suck
887	vampire_weaken
888	vyrewatch_vampire_attack
889	vyrewatch_vampire_death
890	vulture_attack
891	vulture_death
892	vulture_hit
893	wall_beast_attack
894	wall_beast_death
895	wall_beast_foiled
896	wall_beast_hit
897	wall_beast_swipe
898	water_creature_attack
899	water_creature_death
900	water_creature_hit
901	water_creature_spines
902	elemental_summon_skeleton
903	elemental_summon_ghost
904	elemental_summon_skeletonmage
905	elemental_summon_zombie
906	elemental_wizard_death
907	human_into_mushroom
908	mushroom_into_human
909	wolf_attack
910	wolf_attack2
911	wolf_death
912	wolf_hit
913	zogre_axe_attack
914	zogre_attack
915	zogre_shield_hit
916	zogre_death
917	zogre_hit
918	zombie_attack
919	zombie2
920	zombie_atmospheric1
921	zombie_champion_attack
922	zombie_death
923	zombie_hit
924	zombie_pirate_attack
925	zombie_pirate_death
926	zombie_pirate_hit
927	zombie_pirate_limbfall
928	zombie_pirate_punch
929	npc_trapped
930	poh_build_metal
931	POH_man_trap
932	bell_peal
933	ping
934	poh_bigcage
935	poh_boil
936	poh_oub_monster_attack
937	poh_build_stone
938	poh_build_wood
939	poh_change_hair
940	poh_clay_hit
941	poh_clockwork
942	poh_cloth
943	poh_dart_land
944	poh_dart_miss
945	poh_dropcage
946	poh_fairy_appear
947	poh_forcedoor
948	poh_hit_clay
949	poh_hit_limestone
950	poh_hit_marble
951	poh_hoop_misses
952	poh_jester_appear
953	poh_limestone_hit
954	poh_man_trap_avoid
955	poh_marble_hit
956	poh_marbles
957	poh_marbles_avoid
958	poh_offer_bones
959	poh_pitfall_land_spikes
960	poh_oub_monster_death
961	poh_oub_monster_hit
962	poh_pitfall_land_fire
963	poh_pitfall_land_floor
964	poh_pitfall_land_half
965	poh_tablet_break_teleport
966	poh_pitfall_land_water
967	poh_portal_shrink
968	poh_portal_unshrink
969	poh_pugel
970	poh_select
971	poh_setup_stone
972	poh_smallcage
973	poh_sphere_balanced
974	poh_sphere_powerdown
975	poh_sphere_powerup
976	poh_stick_on_hoop
977	poh_stone_shatter
978	poh_stonehit
979	poh_tablet_break
980	poh_tanglevine_dissappear
981	poh_tanglevine
982	poh_tentacle_dissappear
983	poh_tanglevine_loop
984	poh_teleport
985	poh_tentacle
986	poh_tentacle_appear
987	poh_tentacle_hit
988	poh_toy_fallover
989	poh_wind
990	poh_wrong
991	100_jubbly_escape_work2
992	100_jubbly_arrowhit
993	100_jubbly_bounce
994	100_jubbly_escape
995	100_jubbly_escape_work3
996	100_jubbly_escape_wprk
997	100_jubbly_escapes
998	100_ogre_swim
999	100_rantz_kicks_tree
1000	100_underwater_passage
1001	100_bubbles
1002	100_divebomb
1003	100_equip_claw
1004	100_sink
1005	100_iron_door_open_underwater
1006	100_underwater_pick
1007	100_fairy_dragon_appear
1008	100_cat_into_hellcat
1009	100_fairy_appear
1010	100_fairy_disappear
1011	100_fairy_dissappear
1012	100_flambe
1013	100_hellcat_into_cat
1014	100_drop_rockcake
1015	100_drop_coin
1016	100_rockcake_burn_fingers
1017	100_dwarf_cooking
1018	100_eat_rockcake
1019	100_sizzle_gloves
1020	100_cauldron_outside_first
1021	100_cauldron_explodes
1022	100_cauldron_outside
1023	100_cauldron_outside_second
1024	100_cauldron_shake
1025	100_cauldron_shake_initial
1026	100_cauldron_shake_loop
1027	100_cauldron_shake_loop2
1028	100_goblin_falls
1029	100_question_correct
1030	100_egg_hatch
1031	100_question_wrong
1032	100_pull_tree
1033	100_throw_rope
1034	100_unfreeze
1035	100_blowup
1036	100_romancer_entangle
1037	100_romancer_explode
1038	100_summon
1039	100_whiteout
1040	PIN_pending
1041	PIN_beep
1042	PIN_cancel
1043	PIN_pending2
1044	barbassault_egg_explode
1045	barbassault_fill_vial
1046	barbassault_trap
1047	barbassault_trapdoor
1048	barbassault_turret_fire
1049	BF_collect_coke
1050	BF_conveyor_loop
1051	BF_cooldown
1052	BF_conveyor_loop_with_pedals
1053	BF_drivebreaks
1054	BF_oreinfurnace
1055	BF_overheat
1056	BF_pedal_loop
1057	BF_pipebreaks
1058	BF_pump_loop
1059	BF_refuel_stove
1060	BF_repair
1061	BF_smelt
1062	dagganoth_plate_body
1063	dagganoth_egg_open
1064	dagganoth_hide_hit
1065	dagganoth_pressure_door_openandclose
1066	dagganoth_pressure_door_fall
1067	dagganoth_pressure_door_open
1068	dagganoth_range_body
1069	dagganoth_shell_body
1070	dagganoth_splash
1071	dagganoth_support_door
1072	dagganoth_whirlpool
1073	meganoth_death
1074	meganoth_hit
1075	meganoth_melee_attack
1076	support_death
1077	wallasalki_attack
1078	wallasalki_death
1079	wallasalki_hit
1080	DTTD_bone_crossbow_sa
1081	DTTD_bone_crossbow
1082	DTTD_zanik_ladygoblin_attack
1083	DTTD_bone_dagger_slash
1084	DTTD_bone_dagger_stab
1085	DTTD_drink
1086	DTTD_zanik_ladygoblin_death
1087	DTTD_zanik_ladygoblin_hit
1088	branding_zanik
1089	dttd_branding
1090	dttd_branding_2
1091	juna_meditates
1092	pick_up_zaniks_body
1093	smash_machine
1094	zanik_gets_in_crate
1095	zanik_resurrection
1096	FT_chicken_into_human
1097	FT_enchant_flower
1098	FT_fairy_teleport
1099	FT_female_to_male
1100	FT_human_into_chicken
1101	FT_human_into_piglet
1102	FT_male_to_female
1103	FT_piglet_into_human
1104	FT_princess
1105	FT_rainbutt
1106	FT_secateurs
1107	FT_squeeze_past
1108	female_to_male
1109	forget_box_close
1110	fall_off_chair
1111	forget_box_open
1112	forget_cart_move
1113	forget_cart_turn
1114	forget_foottramp
1115	forget_glass_chink
1116	forget_placestone
1117	forget_shaman_all
1118	forget_trackswitch
1119	chesspiece_move
1120	column_full
1121	king
1122	runelink_bottom
1123	runelink_fall
1124	GT_cart_bigpush
1125	GT_cart_push
1126	GT_cutscene_statue
1127	GT_grind_rune
1128	GT_shakegrass
1129	GT_slap
1130	GT_statue
1131	grinder_grinding
1132	fill_ectoplasm
1133	fill_grinder
1134	goobubble
1135	goofade
1136	grinder_empty
1137	grinder_wind
1138	stung
1139	dwarf_spinning
1140	clang1
1141	clang2
1142	dwarf_fillmachine
1143	hammering1
1144	hammering2
1145	hammering3
1146	steam_double
1147	steam_filtered
1148	steam_high
1149	steam_low
1150	steam_mid
1151	steam_soft
1152	steam_veryhigh
1153	steamship
1154	steamship_crashes
1155	steamshunt
1156	whistle1
1157	whistle2
1158	whistle3
1159	collect_sap
1160	boil_off
1161	cat_angry
1162	ics_spectre_appear
1163	happy_meeoow
1164	hypnotise
1165	ics_spectre_attack
1166	ics_spectre_death
1167	ics_spectre_hit
1168	ics_spectre_remove
1169	meeoow
1170	pet_cow
1171	pit_fall
1172	pit_jump
1173	pit_jump_fall
1174	pit_land
1175	pit_shoot
1176	sad_meeoow
1177	scrape_glass
1178	tile_move
1179	tile_reset
1180	vader_breath
1181	wall_crushed
1182	wall_crusher
1183	grind_snail
1184	acid_burn
1185	skeletal_hellhound_hit
1186	mist_appears
1187	skeletal_hellhound_attack
1188	skeletal_hellhound_death
1189	summon_skeletalhound
1190	vanstrom_appears
1191	vanstrom_disappears
1192	vanstrom_laughs
1193	vanstrom_ldisappears
1194	vanstrom_wings
1195	carpet_descend
1196	carpet_rise
1197	history_key_burning
1198	history_key_cold
1199	history_key_freezing
1200	history_key_hot
1201	history_key_steaming
1202	history_key_warm
1203	mourning_bellowsfill
1204	mourning_firegun
1205	mourning_impact
1206	mourning_impact_sheep
1207	mourning_lightdoor
1208	mourning_sneeze
1209	mourning_tickle
1210	mourning_toadfill
1211	mourning_toadload
1212	mourning_toadunload
1213	squish_apples
1214	NTK_door_with_mummy
1215	NTK_chest_open
1216	NTK_jar_with_snake
1217	NTK_jar_open
1218	NTK_sarcophagus_open
1219	NTK_snake_charm
1220	NTK_stone_door_locked
1221	mousetrap_spring
1222	create_smoke
1223	poison_cheese
1224	rat_lever
1225	smoke_out_rats
1226	smoke_rats
1227	RT_unlock_casket
1228	RT_picklock
1229	RT_place_rune
1230	RT_select_rune
1231	RTplace_rune
1232	rogue_gear_select
1233	player_dive
1234	rogue_timedblades_avoid
1235	rogue_magic_door
1236	rogue_pendulum_hit
1237	rogue_placegear
1238	rogue_safe_open
1239	rogue_scythe_avoid
1240	rogue_spinblades_2
1241	rogue_squeeze
1242	spring_floor
1243	safe_crack
1244	sos_deathdoor_close
1245	sos_bigdoor
1246	sos_choir
1247	sos_creaks
1248	sos_deathdoor_open_close
1249	sos_famdoor_close
1250	sos_famdoor_open_close
1251	sos_pestdoor_close
1252	sos_pestdoor_open_close
1253	sos_sack
1254	sos_wardoor_close
1255	sos_wardoor_open
1256	sos_wardoor_open_close
1257	SE_remove_rock
1258	SE_lassoo
1259	SE_waterdoor_unlock
1260	SE_waterpour
1261	banana_slicing
1262	beast_attack
1263	beast_death
1264	beast_hit
1265	throwup1
1266	TBCU_broodoo_hit
1267	TBCU_broodoo
1268	TBCU_diseasecure
1269	TBCU_fencefail
1270	TBCU_findgem
1271	TBCU_mosquito
1272	TBCU_mosquito_3
1273	TBCU_mosquito_5
1274	TBCU_prepare_wood
1275	TBCU_repair_fence
1276	TBCU_repair_middle
1277	TBCU_repellant
1278	TBCU_snake
1279	TBCU_spider
1280	TBCU_spider_stick
1281	TBCU_tribesman
1282	TBCU_tuber
1283	TBCU_wooden_money
1284	chippings
1285	machete_fail
1286	machete_slash
1287	vegetation_shake
1288	vegetation_sucess
1289	fractured_light_beam
1290	TL_mirrorfall_1
1291	TL_mirrorfall_2
1292	TL_mirrorfall_many
1293	TL_place_crystal
1294	TL_place_fractured
1295	TL_place_mirror
1296	TL_rebound
1297	TL_rotate_crystal
1298	TL_take_crystal
1299	blue_light_beam
1300	red_light_beam
1301	green_light_beam
1302	light_beam_start
1303	orange_light_beam
1304	purple_light_beam
1305	white_light_beam_start
1306	white_light_beam
1307	yellow_light_beam
1308	splash_and_river
1309	bone_club
1310	squeeze_through_rocks
1311	agrith_portalclose
1312	agrith_appear
1313	agrith_circle
1314	agrith_sandstorm
1315	agrith_summon
1316	dharok_axe_crush
1317	ahrim_attack
1318	ahrims_aura
1319	dharok_attack
1320	dharok_axe
1321	dharok_axe_slash
1322	flail
1323	flail_crush
1324	flail_stab
1325	guthan_attack
1326	guthan_breastplate
1327	karil_attack
1328	karil_spikebody
1329	quarterstaff
1330	torag_attack
1331	torag_breastplate
1332	torag_crush
1333	verac_attack
1334	verac_brassard
1335	verac_crush
1336	verac_slash
1337	verac_stab
1338	wight_death
1339	wight_hit
1340	wraith_death
1342	barrel_incoming
1343	catapult_fire
1344	bigfire
1345	crystal_armour_1
1346	catapult_winch
1347	coalfill
1348	forest_doublesqueeze
1349	crystal_armour_2
1350	crystal_armour_3
1351	crystal_bow
1352	crystal_bow2
1353	crystal_polearm
1354	crystal_sword_1
1355	crystal_sword_2
1356	crystal_sword_3
1357	crystal_sword_4
1358	forest_lowwall
1359	crystal_sword_initial_swipe
1360	tripwire_with_arrows
1361	forest_sidesqueeze
1362	high_pressure
1363	loom
1364	low_pressure
1365	mid_pressure
1366	pressure_off
1367	pressure_toohigh
1368	springtrap
1369	tripwire
1370	valveturn
1371	wom_bed_attack
1372	wom_bed_death
1373	wom_bed_hit
1374	wom_bless
1375	blade_swing_double
1376	blade_hit
1377	blade_swing
1378	dart_fire_avoid
1379	collapse_avoid
1380	dart_fire
1381	floor_spikes_avoid
1382	dart_fire_hit
1383	floor_spikes
1384	roof_collapse
1385	pillartag
1386	saw_rise_and_spin
1387	roof_collapse2
1388	saw_fall
1389	saw_hit
1390	saw_rise
1391	snap_and_fall
1392	saw_spin
1393	sliced
1394	speartrap
1395	pyramid_block
1396	pyramid_scrape
1397	pyramid_slip
1398	skippy_throwglass
1399	skippy_bucket
1400	skippy_throwglass_impact
1401	skippy_throwglass_throw
1402	avatar_warrior_attack
1403	avatar_mage_attack
1404	avatar_warrior_death
1405	demon_shakeroom
1406	dwarf_kickrock
1407	fire_jump
1408	gold_cannonball
1409	fly_and_land
1410	rock_cannon_fire
1411	light_cannon
1412	paper_move
1413	paper_turn
1414	BK_cabbage_hit
1415	BK_cauldron_bubbles
1416	BK_cabbage_land
1417	BK_explodsion
1418	BK_explosion
1419	BK_froth
1420	BK_throw_cabbage
1421	cf_swingacross_fail
1422	cf_attach_cannon
1423	cf_attach_fuse
1424	cf_cannonfire
1425	cf_cannonhit
1426	cf_detach_cannon
1427	cf_hammer
1428	cf_jumpdown
1429	cf_loadcannon
1430	cf_pour_gunpowder
1431	cf_ramrod
1432	cf_roll_canister
1433	cf_smear_paste
1434	cf_splash
1435	cf_strike
1436	cf_swim
1437	cf_swingacross
1438	cf_swingacross_sucess
1439	cf_tierope
1440	castlewars_catapult_fire
1441	castlewars_button
1442	castlewars_catapult_destroyed
1443	castlewars_catapult_repaired
1444	castlewars_exploding_vial
1445	castlewars_onfire
1446	castlewars_putout
1447	castlewars_setupbarricade
1448	chompy_bird_screech
1449	chompy_bird_attack
1450	chompy_bird_death
1451	chompy_bird_hit
1452	ogre_bow
1453	chompy_bird_squak
1454	ogre_bellows_suck
1455	ogre_bellows
1456	spit_roast
1457	toad_burst
1458	toad_croak
1459	toad_hiss
1460	contact_darkness_impact
1461	contact_archers_fire
1462	contact_scarab_boss_dissappear
1463	contact_extinguish_lights
1464	contact_rumble
1465	contact_rumble_long
1466	contact_scarabs_disappear
1467	contact_summon_scarabs
1468	bookcasedoor
1469	brushing
1470	digspade
1471	lightning
1472	lightning2
1473	unlock_and_move
1474	dice_roll
1475	dice_shake
1476	place_crystal
1477	pitfall
1478	scarabs_appear
1479	scarabs2
1480	scarabs_attack2
1481	scarabs_attack
1482	scarabs_death
1483	scarabs_hit
1484	vampire_swipe
1485	devious_grind
1486	exploding_vial
1487	explosion
1488	fuse
1489	bloom_branch
1490	spirit_transform
1491	bloom_mushroom
1492	bloom_pears
1493	cast_bloom
1494	food_rot
1495	spirit_transform_start
1496	parrot1
1497	dunk
1498	parrot2
1499	throw_club
1500	washing
1501	peak_giant_kebbit_appear
1502	giant_kebbit_attack
1503	giant_kebbit_death
1504	giant_kebbit_hit
1505	peak_bird_move
1506	peak_bird_move_loop
1507	peak_eagle_door
1508	peak_empty_feeder
1509	peak_fill_feeder
1510	peak_nettrap_reset
1511	peak_nettrap
1512	peak_place_feather_rumble
1513	peak_place_feather
1514	peak_winch
1515	broken_rune_altar_ambience
1516	woodcutting_birdsnest
1517	galvek_attack
1518	vorkath_attack_2
1519	vorkath_area
1520	easter06_human_into_egg
1521	vorkath_attack
1522	vorkath_spawn
1523	vorkath_death
1524	galvek_air
1525	Abo_death_2
1526	Abo_death_1
1527	air_elemental_attack
1528	air_elemental_death
1529	air_elemental_hit
1530	big_bellows
1531	earth_elemental_attack
1532	earth_elemental_death
1533	earth_elemental_hit
1534	fire_elemental_attack
1535	fire_elemental_death
1536	fire_elemental_hit
1537	lava_bowl_fill
1538	lava_bowl_pour
1539	shield_appear
1540	sluice_gate
1541	squeaky_valve
1542	squeaky_valve_gush
1543	water_elemental_attack
1544	water_elemental_death
1545	water_elemental_death2
1546	water_elemental_hit
1547	water_wheel_start
1548	water_wheel_stop
1549	enak_chisel_wall
1550	enak_attach
1551	enak_barrier
1552	enak_blocked
1553	enak_chisel
1554	enak_place_clay
1555	enak_door
1556	enak_hiss
1557	enak_interference_loop
1558	enak_place_sigil
1559	enak_push
1560	enak_wind
1561	enakh_statue
1562	enakh_transform
1563	enakh_wall_fall
1564	chicken_into_human
1565	ernest_clunk
1566	ernest_sprinkle
1567	end_whistle
1568	catch
1569	whistle
1570	gnomeball_referee_gives_ball
1571	gnomeball_tackled_gnome
1572	gnomeball_tackled_gnome_miss
1573	gnomeball_tackled_miss
1574	gnomeball_tackled_player
1575	score
1576	throw
1577	cave_bug_attack
1578	cave_bug_death
1579	cave_bug_death2
1580	cave_bug_hit
1581	insect_bites
1582	insect_swarm
1583	lantern_explodes
1584	demon_approach
1585	machine2
1586	machinery
1587	handsand_vialshatter
1588	handsand_drop_hand
1589	handsand_gulp
1590	handsand_orb
1591	handsand_sandswirl
1592	handsand_serum
1593	handsand_take_hand
1594	crane_move_and_snap
1595	bigghost_appear
1596	bigghost_attack
1597	bigghost_death
1598	bigghost_disappear
1599	bigghost_hit
1600	bigghost_laugh
1601	bigghost_reappear
1602	cart_away
1603	cart_hit
1604	cart_into_turn
1605	cart_loop
1606	cart_loop_short
1607	cart_turn
1608	crane_jaws
1609	crane_move
1610	lift_fall
1611	pickaxe_attack
1612	points_change
1613	shard_attack
1614	shard_attack2
1615	dagganoth_attack
1616	dagganoth_critter_attack
1617	dagganoth_changes
1618	dagganoth_chitters
1619	dagganoth_critter_death
1620	dagganoth_critter_hit
1621	dagganoth_death
1622	dagganoth_hit
1623	dagganoth_spines
1624	meganoth_spines
1625	strangedoor_close
1626	strangedoor_open
1627	strangedoor_sound
1628	found_ice_arrows
1629	fire_teleport
1630	lava_bridge
1631	lockeddoor
1632	mizgog_placebeads
1633	mizgog_beads
1634	curse_lift
1635	bling
1636	bling2
1637	bling3
1638	bling4
1639	summon_skeleton
1640	bullroarer
1641	mole_burrow_down
1642	mole_attack
1643	mole_burrow
1644	mole_burrow_up
1645	mole_death
1646	mole_hit
1647	mud_pie_impact
1648	mud_pie_miss
1649	mud_pie_throw
1650	charge_gone
1651	charge
1652	claws_of_guthix_fail
1653	claws_of_guthix
1654	flames_of_zamorak_fail
1655	flames_of_zamorak
1656	saradomin_strike_fail
1657	magical_barrier
1658	pool_plop
1659	saradomin_strike
1660	mta_deposit_bone
1661	mta_bonefall
1662	mta_change
1663	mta_deposit_fruit
1664	mta_deposit_orb
1665	mta_lock_statue
1666	mta_move_statue
1667	mcannon_fire
1668	fire_loop_quiet
1669	fire_loop
1670	fire_loud_to_quiet
1671	human_into_smallmonkey
1672	fire_quiet_to_loud
1673	gorilla_bigpunch
1674	gorilla_into_human
1675	heromonkey
1676	human_into_gorilla
1677	human_into_monkey
1678	rumbling
1679	ooks
1680	human_into_zombiemonkey
1681	monkey_into_human
1682	monkeycalls
1683	smallmonkey_into_human
1684	ravinegate_open
1685	rumbling_fade
1686	rumbling_loop
1687	skeleton_resurrect
1688	snore
1689	wing_unfold
1690	zombiemonkey_into_human
1691	moon_kick_letters
1692	moon_babahouse
1693	moon_dice_roll
1694	moon_ejector
1695	moon_fall_land
1696	moon_hurdle
1697	moon_jump
1698	moon_press_number
1699	moon_rubdown
1700	moon_slip
1701	moon_watering
1702	moon_woodchop
1703	place_stone
1704	abseil
1705	tree_climbing
1706	polevault
1707	scoopmud
1708	split_rock
1709	m2_fillcoal
1710	m2_build
1711	m2_rod_capture
1712	m2_fillpot
1713	m2_rod_of_command
1714	m3_place_symbol
1715	m3_electrocute
1716	m3_kick_wall
1717	m3_place_key
1718	magic_dart_fire
1719	m3_push_wall
1720	m3_search_jars
1721	m3_slash
1722	m3_walk_rubble
1723	m3_writing
1724	animaterock_spell
1725	fix_weathervane
1726	water_boil
1727	pest_portal_hit
1728	pest_hammer
1729	pest_portal_shrink
1730	plague_pull_grill
1731	plague_attach
1732	plague_tomato
1733	holy_water_pour
1734	howl1
1735	knock_knock
1736	lycanthropy
1737	rag_pour_vinegar
1738	rag_boiling
1739	rag_placelogs
1740	rag_placepot
1741	rag_put_in_pot
1742	recruit_spade
1743	RG_ghost_approach
1744	RG_place_skull
1745	RG_skeleton_attack
1746	RG_skeleton_awake
1747	crystal_tree_planting
1748	royal_comedy_slip
1749	royal_addrope
1750	royal_build
1751	royal_engine_chug
1752	royal_engine_start
1753	royal_footsteps
1754	royal_steam
1755	rumdeal_spirit_depart
1756	deal_spirit_attack
1757	deal_spirit_hit
1758	kwamthulhu_walk
1759	rumdeal_clank1
1760	rumdeal_clank2
1761	rumdeal_hiss1
1762	rumdeal_hopper_1
1763	rumdeal_pressurize
1764	rumdeal_stuff_other
1765	rumdeal_stuff_slugling
1766	wrench_crush
1767	hammer_and_build
1768	brick_build
1769	wall_destroy
1770	hammering
1771	log_down
1772	oil_pour
1773	bane_tolna_final_death
1774	bane_attach_rope
1775	bane_door_open
1776	bane_fire_loop
1777	bane_opening_close
1778	bane_reaper_attack
1779	bane_reaper_death
1780	bane_reaper_hit
1781	bane_summon_dragon
1782	bane_tolna_attack
1783	bane_tolna_death
1784	bane_tolna_spit
1785	bane_tolna_hit
1786	swan_repair_wall
1787	swan_kung_fu
1788	swan_open_pot
1789	swan_press
1790	swan_rumble
1791	swan_skeleton_rise
1792	light_creature_down
1793	collect_bad_tear
1794	collect_good_tear
1795	collect_tear
1796	drink_and_magic
1797	juna_hiss
1798	light_creature_loop
1799	light_creature_up
1800	trek_bridge_placelog
1801	trek_bog_leave
1802	trek_bog_suck
1803	trek_repair_bridge
1804	trek_cutting
1805	trek_heal_cast
1806	trek_lasoo
1807	trek_make_rope
1808	trek_prod_firm
1809	trek_prod_soft
1810	trek_prod_suck
1811	trek_tentacle_appear
1812	trek_skin_snake
1813	trek_swim_bog
1814	trek_tentacle_head_appear
1815	trek_walkaway
1816	trek_walktoward
1817	camelsnake
1819	charmflute_a
1820	charmflute_b
1822	charmflute_c
1824	charmflute_d
1825	charmflute_e
1827	charmflute_f
1829	charmflute_g
1831	charmflute_low_a
1832	charmflute_low_b
1834	charmflute_low_c
1836	charmflute_low_d
1837	charmflute_low_e
1839	charmflute_low_f
1841	charmflute_low_g
1842	cudgel
1843	drips
1844	safeclang
1845	safeclick
1846	safeopen
1847	snakehiss
1848	golem_demondoor
1849	golem_program
1850	golem_repairclay
1851	golem_teleport
1852	turn_statue
1853	parrotcall
1854	kiss
1855	penguin
1856	writing
1857	tradefloor_ore
1858	leak
1859	slide_puzzle
1860	icegate_open
1861	blizzard
1862	windy
1863	sled_start_longer
1864	equip_sled
1865	sled_jump
1866	sled_loop
1867	sled_loop2
1868	sled_start
1869	sled_stop
1870	sledcrash
1871	wax_sled
1872	brew_conveyor_breaks
1873	brew_collect_grubs
1874	brew_conveyor
1875	brew_release_pressure
1876	brew_douse_flames
1877	brew_drain_water
1878	brew_fill_hopper
1879	brew_monkey_climb
1880	brew_monkey_combat
1881	brew_monkey_talk
1882	brew_monkeyclimb
1883	brew_place_logs
1884	brew_pump
1885	brew_pump_single
1886	brew_refuel_boiler
1887	brew_refuel_empty
1888	brew_strike_and_light
1889	brew_repair_bridge
1890	brew_repair_patch
1891	brew_repair_pipe
1892	brew_throw_coconut
1893	twocats_shear
1894	cut_coffin_vampire
1895	garlic_grow
1896	cutwrist
1897	regular_vampire_appear
1898	vampire_bats_appear
1899	vampire_summon
1900	wanted_scan
1901	shotput_land
1902	dust_hands
1903	hiccup
1904	warguild_animate_alive
1905	shotput_spin_throw
1906	shotput_step_throw
1907	shotput_throw
1908	take_shotput
1909	warguild_animate
1910	warguild_animator_activate
1911	warguild_catapult_anvil
1912	warguild_catapult
1913	warguild_catapult_blades
1914	warguild_catapult_ball
1915	warguild_catapult_defend_anvil
1916	warguild_catapult_defend_blades
1917	warguild_catapult_defend_ball
1918	warguild_catapult_defend_missile
1919	warguild_catapult_missile
1920	warguild_drop_barrels
1921	warguild_drop_barrels_1
1922	warguild_drop_barrels_2
1923	warguild_dummies
1924	warguild_dummies_down
1925	warguild_dummies_up
1926	warguild_iron_door_open
1927	warguild_iron_door_push
1928	warguild_take_barrel
1929	warguild_take_barrel_grunt
1930	smokepuff
1931	smokepuff2
1932	deathslide
1933	bite
1934	deathslide_first
1935	deathslide_second
1936	hurdle
1937	skeletongoal
1938	skullball_collide
1939	skullball_roll
1940	skullball_scratchy
1941	skullball_tap
1942	throw_stick
1943	myq4_energy_2
1944	Abo_hurt_2
1945	myq4_energy_explosion
1946	Abo_attack_1
1947	Abo_drain_1
1948	myq4_energy_1
1949	Abo_attack_3
1950	Abo_attack_2
1951	Abo_attack_4
1952	down_stone_stairs
1953	bonewalk
1954	ogre_destroy_barricade
1955	drip_poison
1956	up_stone_stairs
1957	search_vine
1958	zogre_writing
1959	zogre_bell
1960	adolescent_zygomite_attack
1961	adolescent_zygomite_death
1962	adolescent_zygomite_hit
1963	zygo_grow
1964	zygo_reload
1965	zygo_spore_cast_and_fire
1966	zygo_spore_impact
1967	zygo_spray
1968	zygomite_attack
1969	zygomite_death
1970	zygomite_hit
1971	swordclash5
1972	blade5
1973	brassclash
1974	dragon_shield
1975	swordclash3
1976	brassclash2
1977	swordclash2
1978	swordclash6
1979	blade4
1980	wood_armour3
1981	eyeglo_creature_death
1982	protect_items
1983	eyeglo_creature_hit
1984	bird_twitter_1
1985	bird_twitter_2
1986	bird_twitter_3
1987	bird_twitter_4
1988	bird_twitter_5
1989	chick_cheep
1990	cicadas_1
1991	cicadas_2
1992	crickets_1
1993	crickets_2
1994	croak_1
1995	croak_2
1996	croak_3
1997	cuckoo_1
1998	distant_bark_1
1999	flapping_1
2000	goblin_call_1
2001	goblin_call_2
2002	goblin_call_3
2003	gull1
2004	gull_1
2005	gull_2
2006	gull_3
2007	gull_4
2008	mosquitos_1
2009	mosquitos_2
2010	owl_part_1
2011	owl_part_2
2012	owl_part_3
2013	peacock1
2014	peacock2
2015	pidgeon
2016	screech_owl_1
2017	screech_owl_2
2018	toowit_1
2019	warbler_1
2020	warbler_2
2021	bank_drawer
2022	bank_bell
2023	bank_shuffling_1
2024	bank_locking
2025	bank_shuffling_2
2026	bank_stamp
2027	bank_unlocking
2028	battle_1
2029	battle_2_troops
2030	battle_1_test
2031	battle_2
2032	battle_4_terrorbird
2033	battle_3_gnomes
2034	battle_4_gnomes
2035	battle_7_mediumfight
2036	battle_5_birdkill
2037	battle_6_archers
2038	battle_7_smallfight
2039	cave_collapse_1
2040	cave_bats
2041	cave_bubbling_loop_1
2042	cave_growl_1
2043	cave_insects_1
2044	cave_insects_2
2045	cave_rumbling_1
2046	cave_rumbling_2
2047	cave_rumbling_3
2048	cave_rumbling_loop_1
2049	cave_stalagtite_loop_1
2050	stalagtite_drip
2051	stalagtite_drip_2
2052	stalagtite_drip_loop1
2053	sheep_atmospheric1
2054	clucks_1
2055	clucks_2
2056	cow_work
2057	crows_1
2058	crows_2
2059	pig_call_1
2060	pig_call_2
2061	pig_call_3
2062	sheep_atmospheric2
2063	fire_crackling_fierce
2064	fire_crackling_big
2065	fire_crackling_small
2066	fire_crackling_med
2067	animal_growl_1
2068	animal_growl_2
2069	chipmunk
2070	tree_creak_1
2071	tree_creak_2
2072	tree_creak_3
2073	tree_rustle_1
2074	tree_rustle_2
2075	tree_wind_1
2076	woodpecker
2077	icy_wind_loop_1
2078	icy_wind
2079	icy_wind_loop_2
2080	icy_wind_loop_3
2081	wolfcall_1
2082	wolfcall_2
2083	jungle_ambience_loop
2084	exotic_bird_1
2085	exotic_bird_2
2086	exotic_bird_3
2087	exotic_bird_4
2088	jungle_ambience_loop_1
2089	jungle_insect_1
2090	jungle_monkey_1
2091	jungle_snake_1
2092	kookaburra_1
2093	parrot_1
2094	parrot_2
2095	warbler_3
2096	hammer_and_smash
2097	demolish_1
2098	demolish_2
2099	hammer_steel
2100	hammer_stone
2101	hammer_wood
2102	hammering_1
2103	hammering_2
2104	hammering_3
2105	sawing_1
2106	sawing_2
2107	snapwood_1
2108	snapwood_2
2109	thump_1
2110	tidyup_1
2111	tighten_1
2112	coin_single_1
2113	chopping
2114	coins_jingle_1
2115	coins
2116	counting_coins_1
2117	coins_jingle_2
2118	coins_jingle_3
2119	coins_jingle_4
2120	market_ambience_1
2121	morytania_creature_1
2122	morytania_creature_2
2123	morytania_creature_3
2124	morytania_wind_loop_1
2125	werewolf_call_1
2126	werewolf_call_2
2127	glass_break
2128	glass_break2
2129	glass_chink_1
2130	glass_chink_2
2131	glass_chink_3
2132	pub_fillup
2133	pub_jingle_1
2134	pub_pourliquid
2135	swamp_fart_1
2136	swamp_fart_2
2137	swamp_fart_3
2138	swamp_gas
2139	bubbling_low
2140	bloop
2141	underground_river_loop_1
2142	bubbling_loop_1
2143	bubbling_loop_2
2144	bubbling_loop_3
2145	bubbling_mid
2146	bubbling_mid_loop
2147	bubbling_stream_1
2148	fish_splash
2149	fountain_loop_1
2150	fountain_loop_2
2151	fountain_loop_3
2152	high_drip
2153	lapping_1
2154	lapping_2
2155	low_drip
2156	mid2_drip
2157	mid_drip
2158	ocean_loop_1
2159	ocean_loop_2
2160	ocean_loop_3
2161	ocean_wave1
2162	ocean_wave2
2163	ocean_wave3
2164	ocean_wave4
2165	ocean_wave5
2166	river_loop_1
2167	seashore_1
2168	stream_loop_1
2169	stream_loop_2
2170	stream_loop_3
2171	stream_loop_4
2172	waterfall_loop_1
2173	lava_flame_2
2174	lava_flame
2175	lava_gloop_loop_1
2176	lava_flame_3
2177	lava_gloop_loop_2
2178	lava_gloop_loop_3
2179	wilderness_wind_1
2180	wilderness_wind_2
2181	wolfcry_1
2182	blustery_wind_loop_1
2183	blustery_wind_loop_2
2184	breeze_loop_1
2185	breeze_loop_2
2186	ocean_wind_1
2187	ocean_wind_2
2188	strong_wind_loop_1
2189	fireplace_loop_1
2190	ambient_bell_1
2191	ambient_bell_2
2192	bell
2193	bell_peal_1
2194	bubblin_loop
2195	bubbling
2196	bubbling4
2197	bubbling_soup
2198	cooking_loop_1
2199	cooking_loop_2
2200	cooking_loop_3
2201	cosmic_star
2202	droplet1
2203	electric_drill
2205	fireplace_loop_2
2206	foot_tramp_1
2207	force_field_loop
2208	furnace_loop_1
2209	furnace_loop_2
2210	furnace_loop_3
2211	hi_plop
2212	murmur_work
2213	sea_bell_1
2214	pop1
2215	pop2
2216	pour_sticky_liquid
2217	sea_bell_2
2218	sea_bell_3
2219	windmill_blades_loop
2220	spit_roast_loop
2221	swamp
2222	synth_crowd_1
2223	tanning_vat
2224	weak_distant_cry
2225	windchimes_1
2226	windmill_grindstones_loop
2227	windmill_outside_loop
2228	wood_creak_1
2229	equip_axe
2230	equip_elemental_staff
2231	equip_banner
2232	equip_baxe
2233	equip_blunt
2234	equip_body
2235	equip_bolt
2236	equip_hands
2237	equip_feet
2238	equip_fun
2239	equip_metal_body
2240	equip_helmet
2241	equip_leather
2242	equip_legs
2243	equip_metal_legs
2244	equip_ranged
2245	equip_shield
2246	equip_spiked
2247	equip_staff
2248	equip_sword
2249	equip_whip
2250	equip_wood
2251	plate_break
2252	human_roar
2253	nethead
2254	splitzombie_split
2255	plate_spin
2256	rubber_chicken_attack_faster
2257	rubber_chicken_attack
2258	scarekid
2259	splitzombie_split_half
2260	splitzombie_split_head
2261	yoyo1
2262	yoyo2
2263	yoyo3
2264	yoyo4
2265	yoyo_wind
2266	interface_select1
2267	interface_wait
2268	interface_wrong
2269	interface_wrong2
2270	twin_move_crane_loop
2271	twin_crane_drop
2272	twin_lower_crane
2273	twin_move_crane
2274	pillory_success
2275	pillory_locked
2276	pillory_unlock
2277	pillory_wrong
2278	pillartag_pinball
2279	pinball_pillar1
2280	pinball_pillar2
2281	pinball_pillar3
2282	pinball_pillar4
2283	pinball_pillar5
2284	troll_pinball
2285	apple_splat
2286	beehive_movepart
2287	attach_handle
2288	evil_chicken_attack
2289	beehive_placepart
2290	beehive_rotatepart
2291	beehive_selectpart
2292	candle_move
2293	cat_into_hellcat
2294	cavein
2295	disgruntled_anvil
2296	dryad_appear
2297	dwarf_whistle
2298	hypnotist_appear
2299	gas_explosion
2300	gas_hiss
2301	genie_appear
2302	hand_wave
2303	piratechest_coins
2304	knife_break
2305	light_candle
2306	lost_pickaxe
2307	piratechest_turn
2308	piratechest_unlock
2309	quiz_correct
2310	quiz_select
2311	rake_breaks
2312	sourhog_hit
2313	sourhog_attack_ranged
2314	sourhog_attack_melee
2315	sourhog_death_cry
2316	tanglevine_appear
2317	sourhog_death_collapse
2318	haloween_2020_pumpkin_head
2319	tremor
2320	triffid_appear
2321	triffid_attack
2322	uncooking
2323	whirlpool
2324	zombie_moan
2325	ew2_extractor_loop2
2326	ew2_dial_spin
2327	dagganoth_plate_body_1
2328	dagganoth_plate_body_2
2329	dagganoth_plate_body_3
2330	trailblazer_unlock_raise
2331	trailblazer_unlock_twunkles
2332	earth_wave_all
2333	earth_wave_fail
2334	dagganoth_plate_body_4
2335	dagganoth_plate_body_5
2336	fire_blast_all
2337	dagganoth_range_body_1
2338	dagganoth_range_body_2
2339	dagganoth_range_body_3
2340	fire_bolt_all
2341	dagganoth_range_body_4
2342	dagganoth_range_body_5
2343	dagganoth_shell_body_1
2344	trailblazer_unlock_power
2345	dagganoth_shell_body_2
2346	trailblazer_teleport_draw_symbol
2347	dagganoth_shell_body_3
2348	fire_wave_all
2349	dagganoth_shell_body_4
2350	fire_wave_fail
2351	dagganoth_shell_body_5
2352	guthan_breastplate_1
2353	trailblazer_unlock_map
2354	guthan_breastplate_2
2355	guthan_breastplate_3
2356	guthan_breastplate_4
2357	guthan_breastplate_5
2358	karil_spikebody_1
2359	karil_spikebody_2
2360	karil_spikebody_3
2361	water_strike_fail
2362	water_wave_all
2363	water_wave_fail
2364	karil_spikebody_4
2365	karil_spikebody_5
2366	torag_breastplate_1
2367	torag_breastplate_2
2368	torag_breastplate_3
2369	torag_breastplate_4
2370	torag_breastplate_5
2371	verac_brassard1
2372	drain
2373	digsite_dig_pick
2374	wind_wave_all
2375	wind_wave_fail
2376	digsite_dig_trowel
2377	digsite_panning
2378	panning
2379	bigbang
2380	bell1
2381	destroy_object
2382	biglever
2383	break
2384	burst
2385	cavernous
2386	disarm_trap_failure
2387	disarm_trap
2388	disease_hitsplat
2389	doorslam
2390	drink
2391	drinkwork
2392	drip_liquid
2393	eat
2394	errorsound
2395	fill_glass
2396	firework
2397	trailblazer_teleport_flyaway
2398	grim_reaper_appear
2399	ice_troll_attack
2400	lever
2401	liquid
2402	locked
2403	lovely_lazer
2404	trailblazer_teleport_spin
2405	trailblazer_teleport_draw_line
2406	bear_attack_undead_stomp_02
2407	pick_lock
2408	poison_hitsplat
2409	scissors
2410	scrape
2411	silence
2412	sizzle
2413	small_cry
2414	snap
2415	strange_bird
2416	bear_death_undead
2417	turn_book_page
2418	undead_appear
2419	unlock
2420	up_and_down_stairs
2421	waterwheel_bubbes
2422	waterwheel_loop
2423	waterwheel_loop2
2424	waterwheel_loop3
2425	whiteout
2426	bear_attack_undead_02
2427	farming_compost
2428	compost_close
2429	compost_open
2430	farming_amulet
2431	farming_emptybarrel
2432	farming_dibbing
2433	farming_fillplantpot
2434	farming_fill
2435	farming_plant_scarecrow
2436	farming_fillpot
2437	farming_pick
2438	farming_plantcure
2439	farming_pourpint
2440	farming_prune
2441	farming_putin
2442	farming_raking
2443	farming_scoop
2444	farming_sprinkle
2445	farming_valve
2446	farming_watering
2447	fill_vat
2448	pick_cactus
2449	slice_watermelon
2450	handholds_grab_to_second
2451	balancing_ledge
2452	climb_under
2453	climb_wall
2454	climbing_loop
2455	fall_land
2456	handholds_grab
2457	handholds_grab2
2458	jump_land_bridge
2459	handholds_loop
2460	handholds_off
2461	jump
2462	jump2
2463	jump_and_fall
2464	jump_blades
2465	jump_further
2466	monkeybars_loop
2467	jump_no_land
2468	jump_up
2469	land_flat
2470	log_balance
2471	logtrap
2472	pitfall_fall_half
2473	monkeybars_off
2474	monkeybars_on
2475	pitfall2
2476	pitfall_fall
2477	springtrap_release
2478	pitfall_open
2479	plank_break
2480	plankwalk
2481	pressups
2482	ropeclimb
2483	ropeclimb_loop
2484	runonspot
2485	sidestep
2486	situps
2487	spear_jump
2488	springtrap_reset
2489	squeeze_in
2490	squeeze_out
2491	squeeze_thru_crack
2492	star_jump
2493	stumble_loop
2494	swing_across
2495	tightrope
2496	watersplash
2497	baxe_crush
2498	baxe_slash
2499	hacksword_crush
2500	hacksword_slash
2501	hacksword_stab
2502	2H_crush
2503	2H_slash
2504	2H_stab
2505	keris_crush
2506	keris_slash
2507	keris_stab
2508	mace_crush
2509	mace_stab
2510	sword_hit
2511	spiked_blackjack_crush
2512	blackjack_crush
2513	boxing_glove
2514	broken_hatchet
2515	crabclaw_stab
2516	cudgel_2
2517	farmersfork_stab
2518	flower_attack
2519	spanner_crush
2520	tzhaar_ket_om_crush
2521	weapon_miss
2522	scythe_double
2523	scythe_hit
2524	scythe_slash
2525	scythe_stab
2526	sickle_slash
2527	sickle_stab
2528	chainshot
2529	cleave
2530	dragon_axe_thunder
2531	clobber
2532	clobber2
2533	halberd_swipe
2534	impale
2535	neptune_blast
2536	powershot
2537	puncture
2538	rampage
2539	sanctuary
2540	sever
2541	shatter
2542	shock
2543	shock2
2544	shove
2545	snapshot
2546	soulshot
2547	stabsword_crush
2548	stabsword_slash
2549	stabsword_stab
2550	bonespear_crush_testsound
2551	bonespear_crush
2552	staff_double_faster
2553	bonespear_lunge
2554	bonespear_stab
2555	newstaff
2556	staff_crush
2557	staff_double
2558	tzhaar_staff_crush
2559	staff_faster
2560	staff_hit
2561	staff_lunge
2562	staff_stab
2563	wand_crush
2564	human_attack
2565	unarmed_kick
2566	unarmed_punch
2567	warhammer_crush
2568	wood_sword_crush
2569	wood_armour1
2570	wood_armour2
2571	wood_armour_2
2572	wood_sword_slash
2573	wood_sword_stab
2574	churn
2575	hopperlever
2576	fill_grain
2577	fry
2578	spit_roasting
2579	millstones
2580	oven
2581	pick
2582	pick2
2583	pour_tea
2584	sand_bucket
2585	attach_orb
2586	chisel
2587	loom_weave
2588	pottery
2589	smash_gem
2590	spinning
2591	stiching
2592	stitching
2593	stringing
2594	strike_and_light
2595	bunsen_burner
2596	fire_lit
2597	flint
2598	fuse_light
2599	tinderbox_strike
2600	fishing_cast
2601	fish_swim
2602	lavacast
2603	net
2604	fletch_once
2605	fletch
2606	string_bow
2607	dragon_potion_finished
2608	grind
2609	tap_fill
2610	vial_empty
2611	vial_mix
2612	vial_mix_smokepuff
2613	vial_pour
2614	vialpour
2615	well_fill
2616	eagle_flap_loop
2617	crow_1
2618	eagle_cry
2619	hunting_bigcat_jump
2620	eagle_flap_loop2
2621	eagle_fly
2622	eagle_flyaway
2623	hunting_butterflynet
2624	hunting_birdcall
2625	hunting_birdcaught
2626	hunting_birdtrap
2627	hunting_boxtrap
2628	noose_wand
2629	lasoo
2630	hunting_collapsebranches
2631	hunting_deadfall
2632	hunting_dismantle
2633	hunting_falcon_fly
2634	hunting_falcon_swoop
2635	hunting_jump
2636	hunting_layboxtrap
2637	hunting_noose
2638	hunting_pitfall_collapse
2639	hunting_placebranches
2640	hunting_placeleaves
2641	hunting_placeleaves2
2642	hunting_release_butterfly
2643	hunting_search
2644	hunting_set_twitchnet
2645	hunting_setdeadfall
2646	hunting_setnoose
2647	hunting_setsnare
2648	hunting_smokepuff_escape
2649	hunting_takebranches
2650	hunting_takeleaves
2651	hunting_tease_feline
2652	hunting_twitchnet
2653	hunting_twitchnet_smoke
2654	hunting_twitchnet_smoke2
2655	found_gem
2656	mine
2657	mine_3
2658	mine_5
2659	mine_quick
2660	mining_3
2661	prospect
2662	improved_reflexes
2663	cancel_prayer
2664	clarity
2665	eagle_eye
2666	hawk_eye
2667	incredible_reflexes
2668	mystic_lore
2669	mystic_might
2670	mystic_will
2671	prayer_boost
2672	prayer_drain
2673	prayer_off
2674	prayer_recharge
2675	protect_from_magic
2676	protect_from_melee
2677	protect_from_missiles
2678	rapid_heal
2679	rapid_restore
2680	redemption
2681	redemption_heal
2682	retribution
2683	retribution_test
2684	rock_skin
2685	sharp_eye
2686	smite
2687	steel_skin
2688	strength_burst
2689	superhuman_strength
2690	thick_skin
2691	ultimate_strength
2692	arrow_launch
2693	arrowlaunch2
2694	bonehit
2695	crossbow
2696	dart
2697	flashpowder
2698	grease_hit
2699	javelin
2700	longbow
2701	outofammo
2702	shortbow
2703	slayer_arrow
2704	throw_grease
2705	throw_grease2
2706	throwingaxe
2707	throwingknife
2708	thrown
2709	abyssal_squeezethrough
2710	bind_runes
2711	boil_burst
2712	slayer_statuemove
2713	energydrain
2714	granite_maul
2715	quicksmash
2716	slayer_throwbucket
2717	slayerdoors
2718	slayerdoors_close
2719	sprinkle_salt
2720	whip
2721	anvil_4
2722	anvil
2723	anvil2
2724	glassblowing
2725	furnace
2726	new_anvil
2727	stunned
2728	canoe_paddle_loop
2729	build_canoe
2730	woodchop_quick
2731	canoe_roll
2732	canoe_sink
2733	remove_axe
2734	tree_fall
2735	woodchop
2736	woodchop_4
2737	anothercry
2738	bones_down
2739	put_down
2740	bear_hit_undead_02
2741	default
2742	bear_attack_undead_stomp
2743	harpiebugswarm_attack
2744	harpiebugswarm_death
2745	harpiebugswarm_hit
2746	swordclash6_1
2747	swordclash6_2
2748	swordclash6_3
2749	swordclash6_4
2750	swordclash6_5
2751	blade4_1
2752	blade4_2
2753	blade4_3
2754	blade4_4
2755	blade4_5
2756	wood_armour3_1
2757	wood_armour3_2
2758	wood_armour3_3
2759	wood_armour3_4
2760	wood_armour3_5
2761	sword_hit2_mail_1
2762	sword_hit2_mail_2
2763	sword_hit2_mail_3
2764	sword_hit2_mail_4
2765	sword_hit2_mail_5
2766	sword_hit2_1
2767	sword_hit2_2
2768	sword_hit2_3
2769	sword_hit2_4
2770	sword_hit2_5
2771	steel_mail_1
2772	steel_1
2773	steel_mail_2
2774	steel_mail_3
2775	steel_mail_4
2776	steel_mail_5
2777	steel_2
2778	steel_3
2779	steel_4
2780	steel_5
2781	big_bar_mail_1
2782	big_bar_1
2783	big_bar_2
2784	big_bar_3
2785	big_bar_4
2786	big_bar_mail_2
2787	big_bar_mail_3
2788	big_bar_mail_4
2789	big_bar_mail_5
2790	big_bar_5
2791	dragon_armour_1
2792	dragon_armour_2
2793	dragon_armour_3
2794	dragon_armour_4
2795	dragon_armour_5
2796	dragon_mail_1
2797	dragon_mail_2
2798	dragon_mail_3
2799	dragon_mail_4
2800	dragon_mail_5
2801	blade3_mail_1
2802	blade3_mail_2
2803	blade3_mail_3
2804	blade3_mail_4
2805	blade3_mail_5
2806	blade3_1
2807	blade3_2
2808	blade3_3
2809	blade3_4
2810	blade3_5
2811	leather_hit_1
2812	leather_hit_2
2813	leather_hit_3
2814	leather_hit_4
2815	leather_hit_5
2816	steel2_mail_1
2817	steel2_mail_2
2818	steel2_mail_3
2819	steel2_mail_4
2820	steel2_mail_5
2821	steel2_1
2822	steel2_2
2823	steel2_3
2824	steel2_4
2825	steel2_5
2826	swordclash3_mail_1
2827	swordclash3_mail_2
2828	swordclash3_mail_3
2829	swordclash3_mail_4
2830	swordclash3_mail_5
2831	swordclash3_1
2832	swordclash3_2
2833	swordclash3_3
2834	swordclash3_4
2835	swordclash3_5
2836	blade2_mail_1
2837	blade2_mail_2
2838	blade2_mail_3
2839	blade2_mail_4
2840	blade2_mail_5
2841	blade2_1
2842	blade2_2
2843	blade2_3
2844	blade2_4
2845	blade2_5
2846	stone_armour4
2847	stone_armour5
2848	brassclash_1
2849	brassclash_2
2850	brassclash_3
2851	brassclash_4
2852	brassclash_5
2853	brassclash2_1
2854	brassclash2_2
2855	brassclash2_3
2856	brassclash2_4
2857	brassclash2_5
2858	sos_through_door
2859	swordclash2_1
2860	swordclash2_2
2861	swordclash2_3
2862	swordclash2_4
2863	swordclash2_5
2864	cosmic_entity_death
2865	cosmic_entity_hit
2866	fairy_death
2867	gorak_attack
2868	gorak_death
2869	gorak_hit
2870	FT_fairy_appear
2871	FT_fairyrings
2872	FT_shooting_star
2873	FT_starflower_die
2874	FT_starflower_grow
2875	dreamland_globes
2876	mcannon_setup
2877	mcannon_turn
2878	underwater_macro_bubbles
2879	lunar_bake_pie
2880	lunar_cast_1
2881	lunar_cast
2882	lunar_cure_group
2883	lunar_cast_2
2884	lunar_cure
2885	lunar_energy_transfer
2886	lunar_cure_other
2887	lunar_cure_other2
2888	lunar_embue_runes
2889	lunar_cure_other_individual
2890	lunar_flax_to_bowstring
2891	lunar_fertilize
2892	lunar_heal_other_individual
2893	lunar_heal
2894	lunar_heal_group
2895	lunar_heal_other
2896	lunar_heatglass
2897	lunar_stat_share_individual
2898	lunar_initial_casting
2899	lunar_stat_share
2900	lunar_statheal_other
2901	lunar_strength_share
2902	lunar_strength_share2
2903	lunar_string_amulet
2904	lunar_strength_share_individual
2905	lunar_string_amulet2
2906	lunar_transfer_other
2907	lunar_vengence
2908	lunar_vengence_other
2909	lunar_watering
2910	armour_piercing
2911	blood_sacrifice
2912	clear_mind
2913	crossbow_diamond
2914	down_to_earth
2915	dragons_breath
2916	earths_fury
2917	life_leech
2918	lucky_lightning
2919	magical_poison
2920	sea_curse
2921	enchanted_tipping
2922	fletch_crossbow
2923	flight_feathers
2924	string_crossbow
2925	tipping
2926	mining_loop
2927	mining_8
2928	crossbow_grappling
2929	crossbow_grapple_splash
2930	fanfare
2931	eyeglo_crystal_axe
2932	eyeglo_crystal_axe_crush
2933	eyeglo_crystal_axe_slash
2934	eyeglo_damage_machine_1
2935	eyeglo_damage_machine_2
2936	eyeglo_damage_machine_low
2937	eyeglo_destroy_machine
2938	eyeglo_fluffy_evil_cry
2939	eyeglo_mind_meld
2940	eyeglo_repair_machine
2941	eyeglo_thunder
2942	eyeglo_tortoise_appear
2943	eyeglo_transform
2944	eyeglo_tree_reveal
2945	eyeglo_treesplit_lightning
2946	wood_armour4
2947	wood_armour5
2948	swordclash5_1
2949	swordclash5_2
2950	swordclash5_3
2951	swordclash5_4
2952	swordclash5_5
2953	blade5_1
2954	blade5_2
2955	blade5_3
2956	blade5_4
2957	blade5_5
2958	dragon_shield_1
2959	dragon_shield_2
2960	dragon_shield_3
2961	dragon_shield_4
2962	dragon_shield_5
2963	granite_shield_1
2964	granite_shield_2
2965	granite_shield_3
2966	granite_shield_4
2967	granite_shield_5
2968	crystal_armour_5
2969	man_hole_close
2970	swinging_sign_rusty
2971	DS_crystal_ball_anim
2972	DS_big_door_unlock
2973	DS_bone_spell
2974	DS_break_table
2975	DS_crystal_ball_end
2976	DS_crystal_ball_start
2977	DS_cupboard_appear
2978	DS_cupboard_dissappear
2979	DS_cupboard_fall
2980	DS_delrith_appear
2981	DS_delrith_banished
2982	DS_drain
2983	DS_key_fall
2984	DS_portal_close
2985	DS_portal_open
2986	DS_replace_table
2987	DS_summon_demon
2988	DS_table_explosion
2989	DS_wally_sword
2990	equip_silverlight
2991	vampire_arrives
2992	vampire_flap_loop
2993	vampire_flies_away
2994	vampire_transform
2995	m3_climb_down_shelves
2996	m3_climb_shelves
2997	m3_climb_up_shelves
2998	m3_mine_jas_ore
2999	m3_place_ore
3000	m3_push_boat
3001	m3_repair
3002	snare_impact
3003	snare_cast_and_fire
3004	stun_cast_and_fire
3005	stun_impact
3006	telegrab_cast_and_fire
3007	telegrab_hit
3008	vulnerability_impact
3009	vulnerability_cast_and_fire
3010	weaken_hit
3011	weaken_cast_and_fire
3012	zap_impact
3013	leak_1
3014	leak_2
3015	leak_3
3016	leak_4
3017	leak_5
3018	grail_bell
3019	seaslug_hit
3020	slug_crane_turn_and_lower
3021	slug_crane_turn
3022	slug_fisherman_attack
3023	slug_dry_sticks
3024	slug_kick_panel
3025	slug_scoop_slug
3026	slug_smear_paste
3027	slug_torch_attack
3028	slug_torch_lit
3029	slug2_light_flash
3030	slug2_bigdoor
3031	slug2_teleport_fail
3032	slug2_place_rune
3033	slug2_rumbling
3034	slug_prince_attack
3035	slug_prince_death
3036	slug_prince_hit
3037	woodchop1
3038	woodchop2
3039	woodchop3
3040	woodchop4
3041	woodchop5
3042	woodchop6
3043	troll_champion_sword_attack
3044	cow_atmospheric
3045	bee_loop_1
3046	bees_1
3047	bird_twitter_6
3048	crickets_slow
3049	croak_slow
3050	cave_rumbling_loop_quieter
3051	cave_bubble_1
3052	cave_bubble_2
3053	cave_bubble_3
3054	cave_bubble_4
3055	cave_bubble_5
3056	cluck_1
3057	cluck_2
3058	cluck_3
3059	cluck_4
3060	cluck_5
3061	tree_wind_loop
3062	human_chatter_1
3063	human_chatter_2
3064	human_chatter_3
3065	human_chatter_4
3066	human_chatter_5
3067	human_chatter_6
3068	human_cry_1
3069	human_cry_2
3070	human_cry_3
3071	human_laugh_1
3072	human_laugh_2
3073	gas_loop_1
3074	aquarium
3075	air_bubbles_loop_1
3076	air_bubbles_loop_2
3077	bubbling_loop_4
3078	bubbling_stream_2
3079	drain_loop_1
3080	high_drip_2
3081	high_drip_3
3082	leak_loop_1
3083	ocean_gentle
3084	ocean_gentle_1
3085	ocean_gentle_2
3086	ocean_gentle_3
3087	rock_pool_loop
3088	trickle_1
3089	underwater_loop_1
3090	lava_fire_loop_1
3091	breeze_loop_3
3092	breeze_loop_4
3093	cave_wind_loop
3094	coastal_wind_loop
3095	swamp_wind_loop
3096	windy_loop_1
3097	abyss_1
3098	abyss_2
3099	abyss_3
3100	abyss_4
3101	rat_scuttle
3102	rat_squeak_1
3103	rat_squeak_2
3104	rat_squeak_3
3105	desert_animal_1
3106	desert_animal_2
3107	desert_wind_1
3108	desert_wind_2
3109	desert_wind_loop
3110	rattlesnake_1
3111	rattlesnake_2
3112	vulture_1
3113	vulture_2
3114	cow_wheel
3115	cauldron_loop_1
3116	bubblin_loop_2
3117	bubbling_vat_1
3118	bubbling_vials
3119	deal_control_shake
3120	clock_tick_1
3121	rat_wheel
3122	rain_1
3123	deserttreasure_wall_crusher
3124	flag_flutter_1
3125	flag_flutter_2
3126	flag_flutter_3
3127	flag_flutter_4
3128	furnace_chimney_loop
3129	heartbeat
3130	heartbeat_breathing
3131	light_beam_loop_1
3132	lighthouse_loop
3133	machine_loop_1
3134	magic_tree_loop
3135	magic_tree_loop_2
3136	magic_tree_loop_3
3137	musical_tree
3138	pendulum_swing_loop
3139	portal_loop_1
3140	rune_altar_ambience
3141	rune_temple_ambience
3142	steam_loop_1
3143	stone_grind_loop
3144	stone_grinding_loop_1
3145	wheel_loop_1
3146	whetstone_grind
3147	windchimes_work
3148	elem_bg_steam_1
3149	ew2_ambient_loop
3150	ew2_machine_loop
3151	tol_wolf_whistle
3152	elem_bg_steam_2
3153	big_bellows_loop
3154	elem_bg_rumble_1
3155	elem_bg_rumble_2
3156	elem_bg_steam_3
3157	elem_boiler_loop
3158	tainted_shot
3159	upass_bridgefall
3160	flint1
3161	flint2
3162	flint3
3163	flint4
3164	flint5
3165	flint6
3166	ew2_extractor_operation
3167	ew2_cart_loop
3168	ew2_cool_bar
3169	ew2_crane_lower
3170	ew2_crane_turn
3171	ew2_extractor_loop
3172	ew2_mind_electrocute
3173	ew2_extractor_zap
3174	ew2_fanblade
3175	ew2_machine_rumble
3176	ew2_mind_control
3177	ew2_place_bar
3178	ew2_place_cog
3179	ew2_place_pipe
3180	ew2_press_bar
3181	ew2_remove_pipe
3182	ew2_screw_turn
3183	ew2_water_flow
3184	ew2_water_rack
3185	ew2_water_valve
3186	king_troll_hit
3187	troll_armour
3188	troll_with_stone_shield_hit
3189	giant_roc_approaches
3190	giant_roc_appear
3191	giant_roc_boulder_attack
3192	giant_roc_death
3193	giant_roc_flap_attack
3194	giant_roc_hit
3195	giant_roc_peck_attack
3196	my_arm_sealoop_finish
3197	my_arm_sealoop
3198	myarm_bubbling_cauldren
3199	myarm_armour_thrown
3200	myarm_male_scream
3201	myarm_flyback
3202	myarm_leprechaun_scared
3203	myarm_patchgrown
3204	myarm_pick_goutweed
3205	myarm_roc_akka
3206	myarm_roc_akka_once
3207	myarm_roc_squeek
3208	myarm_sealoop
3209	myarm_spatula
3210	myarm_tear_bush
3211	myarm_troll_jumping
3212	TT_winching_loop
3213	TT_bend_bars
3214	TT_cart_loop
3215	TT_down_stairs
3216	TT_fall_back
3217	TT_knocking
3218	TT_squeeze_out
3219	TT_up_stairs
3220	mine1
3221	mine2
3222	mine3
3223	mine4
3224	mine5
3225	mine6
3226	skill_light_candle
3227	equip_halloween_pumpkin
3228	equip_halloween_spray
3229	Abo_hurt_1
3230	tob_xarpus_exhumes_open
3231	tob_xarpus_exhume_health_shots
3232	tob_nylocas_range_death_bang
3233	tob_sotetseg_redspiral_grid_playercollision
3234	tob_maiden_shadow_attack_part_2
3235	tob_verzik_vampire_spawn
3236	halloween_ghost_attack
3237	halloween_ghost_death
3238	halloween_ghost_hit
3239	zep_air_escape_fast
3240	zep_air_blast
3241	zep_air_blast_interface
3242	zep_air_escape_slow
3243	zep_balloon_burns
3244	zep_balloon_crash
3245	zep_balloon_float
3246	zep_balloon_move
3247	zep_breeze
3248	zep_construct
3249	zep_drop_ballast
3250	zep_hammering_1
3251	zep_use_logs
3252	pop3
3253	fishing_cast1
3254	fishing_cast2
3255	fishing_cast3
3256	fishing_cast4
3257	fishing_cast5
3258	fishing_cast6
3259	hunting_laymagicboxtrap
3260	hunting_take_creature
3261	imp_cleaver_attack
3262	imp_knife_attack
3263	lambcall1
3264	ram_attack2
3265	watchtower_machine
3266	watchtower_dragon_attack
3267	watchtower_make_relic
3268	watchtower_shaman_cry
3269	watchtower_smokepuff
3270	watchtower_spell_cast
3271	watchtower_spell_hit
3272	anma_chicken_grab_2
3273	anma_adorn_amulet
3274	anma_axe_bounce
3275	anma_chicken_catch
3276	anma_chicken_grab
3277	anma_equip_chicken_sack
3278	anma_craft_container
3279	anma_interface_button
3280	anma_hammer_iron
3281	anma_polish_buttons
3282	anma_magnet
3283	anma_puzzle_complete
3284	equip_backpack
3285	equip_jester
3286	tob_sotetseg_death
3287	gublinch_make_snowball
3288	tob_bloat_jar_bgsound_loop
3289	tob_magic_death_bang
3290	tob_xarpus_attack_ranged_projectile_5
3291	tob_pillar_hit
3292	gublinch_hit
3293	tob_maiden_shadow_attack
3294	tob_nylocas_deathdetonate_shriek
3295	gublinch_snowball
3296	barbassault_atomic
3297	barbassault_build
3298	barbassault_build_trapdoor
3299	barbassault_egg_dipping
3300	barbassault_egglauncher
3301	barbassault_fire_egg
3302	barbassault_horn
3303	barbassault_lay_egg
3304	barbassault_load_egg
3305	barbassault_poison
3306	barbassault_smash
3307	barbassault_spikes
3308	barbassault_splat
3309	barbassault_stun
3310	barbassault_vending
3311	penance_spawn_attack
3312	hatchet_skeleton_attack
3313	warhammer_skeleton_attack
3314	mace_skeleton_attack
3315	lotr_ghost_hit
3316	lotr_click
3317	lotr_random_bang
3318	lotr_logtrap
3319	lotr_random_skeleton
3320	lotr_random_bark
3321	lotr_random_metal
3322	lotr_tarn_castandfire
3323	lotr_random_slam
3324	lotr_random_stone
3325	lotr_summon_armour
3326	lotr_terrordog_attack
3327	lotr_tarn_impact
3328	lotr_terrordog_death
3329	lotr_terrordog_explode
3330	lotr_terrordog_hit
3331	lotr_trans_attack
3332	lotr_trans_death
3333	lotr_trans_hit
3334	lotr_trans_speak
3335	lotr_trans_speak1
3336	lotr_trans_speak2
3337	lotr_trans_speak3
3338	lotr_trans_speak4
3339	lotr_trans_speak5
3340	lotr_trans_speak6
3341	lotr_trans_speak7
3342	lotr_trans_speak8
3343	lotr_trans_speak9
3344	lotr_trans_spell
3345	lotr_trans_walk
3346	lotr_transmute
3347	lotr_zombie_attack
3348	lotr_zombie_death
3349	lotr_zombie_hit
3350	skeletal_gorilla_attack
3351	skeletal_gorilla_death
3352	skeletal_gorilla_hit
3353	peng_antimagic_bgsound
3354	human_into_penguin
3355	peng_machine_bgsound
3356	peng_block_move
3357	peng_fall_snow
3358	peng_icicle_fall
3359	peng_jump_slip
3360	peng_lathe_bgsound
3361	peng_rumble_bgsound
3362	peng_penguin_call
3363	peng_penguin_flap
3364	peng_penguincall_1
3365	peng_penguincall_2
3366	peng_penguincall_3
3367	peng_penguincall_4
3368	peng_spinninglight_bgsound
3369	peng_sled_forward
3370	peng_sled_jump
3371	peng_slip_snow
3372	penguin_into_human
3373	icelord_attack2
3374	icelord_attack
3375	icelord_death
3376	icelord_hit
3377	slip_up
3378	yak_attack
3379	yak_death
3380	yak_hit
3381	barbarian_grunt_attack
3382	barbarian_grunt_death
3383	barbarian_grunt_hit
3384	FI_bell_work
3385	FI_bell
3386	FI_dripping
3387	FI_clap
3388	FI_fighting_closer
3389	FI_fighting
3390	FI_jester_dance_5
3391	FI_footsteps
3392	FI_jester_bow
3393	FI_jester_clap
3394	FI_jester_juggle_loop
3395	FI_jester_jangle
3396	FI_jester_jig
3397	FI_jester_jig_loop
3398	FI_jester_juggle
3399	FI_jester_skip_loop
3400	FI_jester_talk_stick
3401	FI_jester_throwpie
3402	FI_jesterstick
3403	FI_rock_hit
3404	FI_steel
3405	FI_trollking_roar
3406	coins_jingle_5
3407	osman_pick_high
3408	osman_drips
3409	ghost_dog_attack
3410	ghost_dog_death
3411	ghost_dog_hit
3412	ghost_sword_crush
3413	ghost_sword_slash
3414	ghost_sword_stab
3415	severed_leg_attack
3416	severed_leg_drop
3417	tol_creature_appear
3418	tol_break_cage
3419	tol_door_open_and_close
3420	tol_fix_cage
3421	tol_fix_machine
3422	tol_homonculus_appear
3423	tol_homonculus_boo
3424	tol_homonculus_crying
3425	tol_liquid_flow
3426	tol_long_wolf_whistle
3427	tol_low_hum
3428	tol_magic_explosions
3429	tol_move_pipe
3430	tol_newtroost_attack
3431	tol_newtroost_death
3432	tol_newtroost_hit
3433	tol_place_pipe
3434	tol_pumping_liquid
3435	tol_rooster_synth
3436	tol_valve
3437	tol_whistle_dance
3438	tol_whistle_runescape
3439	tol_wolf_whistle2
3440	whirlpool_loop
3453	brain_barrelchest_attack
3454	brain_anchor_attack
3455	brain_barrelchest_normal_attack
3456	brain_barrelchest_death
3457	brain_barrelchest_hit
3458	brain_pull_statue
3459	brain_idea
3460	brain_barrelchest_special_attack
3461	brain_boat_sound_1
3462	brain_boat_sound_2
3463	brain_boat_sound_3
3464	brain_boat_sound_4
3465	brain_boat_sound_5
3466	brain_clockwork_cat
3467	brain_creaky_ship
3468	brain_creaky_ship_2
3469	brain_explosion
3470	brain_fuse_burn
3471	brain_fuse_light
3472	brain_zombie_underwater_attack
3473	brain_special_brine_saber
3474	brain_whistle
3475	brain_zombie_pirate_attack
3476	brain_zombie_pirate_death
3477	brain_zombie_pirate_hit
3478	new_brain_zombie_underwater_attack
3479	brain_zombie_underwater_death
3480	brain_zombie_underwater_hit
3481	anchor_sunder
3482	ramble_nailbeast_attack
3483	ramble_ghast_birth
3484	ramble_nailbeast_death
3485	ramble_nailbeast_hit
3486	ramble_sploosh
3487	treevillage_catabow_hit
3488	treevillage_catabow_launch
3489	giantcavebug_attack
3490	giantcavebug_death
3491	giantcavebug_hit
3492	molanisk_attack
3493	molanisk_death
3494	molanisk_hit
3495	dorg_machine_loop_bgsound
3496	dorg_artifact_teleport
3497	dorg_boiler_loop
3498	dorg_break_part
3499	dorg_bulb_pop
3500	dorg_catch
3501	dorg_clap
3502	dorg_conductor_coil
3503	dorg_crossbow_grapple
3504	dorg_kick_ball
3505	dorg_machine_loop
3506	dorg_machine_spool
3507	dorg_pat
3508	dorg_remove_part
3509	dorg_repair_bulb
3510	dorg_spitroast
3511	dorg_take_wire
3512	dorg_zapper
3513	dorg_zapper_bgsound
3514	goblin_warhammer_attack
3515	goblin_axe_attack
3516	goblin_guard_attack
3517	goblin_hit_shield
3518	goblin_knife_attack
3519	goblin_shield
3520	goblin_spear_attack
3521	goblin_staff_attack
3522	slayer_molanisk_bell
3523	surok_destroy_letter
3524	surok_bindwand
3525	surok_equip_ring
3526	surok_mine_statue
3527	surok_jump
3528	surok_mindcontrol_impact
3529	surok_mindcontrol_cast
3530	surok_mindcontrol_spell
3531	surok_monkspell
3532	surok_outlaw_death
3533	surok_outlaw_hit
3534	surok_pickaxe_swing
3535	surok_smash_statue
3536	surok_spellfail
3537	surok_teleport
3538	surok_teleport_cast_only
3539	tob_sotetseg_attack_ranged
3540	tob_sotetseg_attack_melee_4
3541	tob_xarpus_idle_wingflap_1
3542	tob_verzik_vampire_death
3543	tob_verzik_spark_1
3544	tob_bloat_flies_attack_1
3545	tob_bloat_shout
3546	tob_nylocas_web_spawn
3547	tob_maiden_blood_impact
3548	tob_xarpus_fly_up_forward_wings_4
3549	tob_xarpus_death_screech
3550	tob_nylocas_deathdetonate_spinning_3
3551	olaf2_brinesabre_slash
3552	olaf2_brinesabre_stab
3553	olaf2_fall_into_cave
3554	olaf2_roll_boulder
3555	olaf2_splash
3556	olaf2_ulfric_rise
3557	twocats_fry_noob
3558	goblin_crowd_calls2
3559	goblin_arrow_death
3560	goblin_bolt_death
3561	goblin_crowd
3562	goblin_crowd2
3563	goblin_crowd3
3564	goblin_crowd4
3565	goblin_crowd_calls
3566	slice_sphere_teleport
3567	goblin_crowd_cheer
3568	goblin_crowd_loop
3569	goblin_crowd_loop2
3570	goblin_crowd_loop3
3571	goblin_crowd_loop4
3572	goblin_crowd_loop5
3573	slice_arrow_hit
3574	slice_bow_attack
3575	slice_brush
3576	slice_crossbow
3577	slice_fire_arrow
3578	slice_flare
3579	slice_human_fall
3580	slice_ladder
3581	slice_mace_slash
3582	slice_train_approach
3583	slice_train
3584	slice_train_journey
3585	slice_train_arrive
3586	slice_train_depart
3587	slice_zanik_ladygoblin_hit
3588	slice_train_old
3589	slice_untie_zanic
3590	slice_zanik_ladygoblin_attack
3591	slice_zanik_ladygoblin_death
3592	goblin_mace
3593	vm_rockpick
3594	vm_brush
3595	vm_brush_1
3596	vm_brush_2
3597	vm_rockpick_1
3598	vm_rockpick_2
3599	vm_rockpick_3
3600	mine_ore
3601	atjun_medium_monkey
3602	atjun_easy_parrot
3603	atjun_hard_lion
3604	small_spider_attack
3605	big_spider_attack
3606	big_spider_death
3607	big_spider_hit
3608	small_spider_death
3609	small_spider_hit
3610	scorpion_death
3611	scorpion_attack
3612	scorpion_hit
3613	lunar_change_spellbook
3614	lunar_humidify
3615	lunar_hunter_kit
3616	lunar_hunter_kit_inv
3617	lunar_make_plank
3618	lunar_npc_contact
3619	lunar_sleep
3620	lunar_stat_spy
3621	lunar_stat_spy_impact
3622	dream_everlasting_attack
3623	dream_burrow_down
3624	dream_burrow_up
3625	dream_everlasting_death
3626	dream_everlasting_hit
3627	dream_heartbeat
3628	dream_illusive_attack
3629	dream_illusive_death
3630	dream_illusive_hit
3631	dream_inadequacy_attack
3632	dream_inadequacy_death
3633	dream_inadequacy_hit
3634	dream_razorbeast_attack
3635	dream_razorbeast_death
3636	dream_razorbeast_hit
3637	dream_squish_illusive
3638	dream_untouchable_attack
3639	dream_untouchable_death
3640	dream_untouchable_hit
3641	dream_whiteout
3642	vm_barrier_open
3643	vm_all_correct
3644	vm_bg_digsite_cleaning
3645	vm_bg_cleaning
3646	vm_drop_plank
3647	vm_camel
3648	vm_correct
3649	vm_dragon
3650	vm_displaycase_open
3651	vm_empty_wheelbarrow
3652	vm_footsteps_ambience
3653	vm_gain_kudos
3654	vm_incorrect
3655	vm_kalphite
3656	vm_leech
3657	vm_lizard
3658	vm_mechanism_1
3659	vm_mechanism_2
3660	vm_mole_burrow_down
3661	vm_mole_burrow_up
3662	vm_monkey
3663	vm_penguin
3664	vm_push_button
3665	vm_seaslug
3666	vm_snail
3667	vm_snake
3668	vm_terrorbird
3669	vm_tortoise
3670	vm_wheelbarrow_squeek
3671	vm_wyvern
3672	drill_bgsound
3673	lathe_bgsound
3674	grim_giant_attack
3675	grim_beanstalk_shrinking
3676	grim_beanstalk_fall
3677	grim_beanstalk_grow
3678	grim_drink_shrinking_potion
3679	grim_bgsound_buttbreeze
3680	grim_experiment2_attack
3681	grim_experiment2_death
3682	grim_experiment2_hit
3683	grim_experiment2_range
3684	grim_giant_death
3685	grim_giant_hit
3686	grim_giant_roar
3687	grim_giant_taunt
3688	grim_grimgnash_attack
3689	grim_mouse_attack
3690	grim_mouse_death
3691	grim_mouse_hit
3692	grim_piano_a4
3693	grim_piano_a5
3694	grim_piano_b4
3695	grim_piano_b5
3696	grim_piano_c4
3697	grim_piano_c5
3698	grim_piano_d4
3699	grim_piano_d5
3700	grim_piano_e4
3701	grim_piano_e5
3702	grim_piano_f4
3703	grim_piano_f5
3704	grim_piano_g4
3705	grim_piano_g5
3706	grim_potion_wears_off
3707	grim_scared_gnome_1
3708	grim_scared_gnome_2
3709	grim_sewer_water
3710	grim_throw_gnomehead
3711	grim_wolf
3712	grim_wolf2
3713	grim_wolf3
3714	grim_wolf_growl
3717	dog_attack
3718	dog_death
3719	dog_hit
3720	ii_clock_tick
3721	ii_breeze
3722	ii_impling_spawn
3723	ii_imp_disgust
3724	ii_imp_fail
3725	ii_imp_kick
3726	ii_jar_generator
3727	ii_longwave
3728	ii_push_thru_wheat
3729	ii_wheat_growing
3730	ii_wheat_wilt
3731	darkbow_doublefire
3732	darkbow_doublefire_new
3733	darkbow_dragon_attack
3734	darkbow_fire
3735	darkbow_impact
3736	darkbow_shadow_attack
3737	darkbow_shadow_impact
3738	equip_darkbow
3739	dragonslayer_bgsound_magicdoor
3740	dragonslayer_absorb_fire
3741	dragonslayer_burningfire
3742	dragonslayer_crash_ship
3743	dragonslayer_cutoffhead
3744	dragonslayer_cutoffhead1
3745	dragonslayer_cutoffhead2
3746	dragonslayer_demon_attack
3747	dragonslayer_demon_death
3748	dragonslayer_demon_hit
3749	dragonslayer_dragonball
3750	dragonslayer_dragonbreath
3751	dragonslayer_dragonscream
3752	dragonslayer_dragonstomp3
3753	dragonslayer_dragonwalk
3754	dragonslayer_flapwings
3755	dragonslayer_ghost_attack
3756	dragonslayer_ghost_death
3757	dragonslayer_ghost_hit
3758	dragonslayer_magicdoor
3759	dragonslayer_melzar_spell
3760	dragonslayer_shield_empty
3761	dragonslayer_shieldfire
3762	dragonslayer_thunder
3763	dragonslayer_zombie_attack
3764	dragonslayer_zombie_death
3765	dragonslayer_zombie_hit
3766	string_bow_pluck_string
3767	string_bow_pull_string
3768	string_bow_tension_string
3769	string_bow_tie_string
3770	anvil01
3771	anvil02
3772	waterfiend_death
3773	waterfiend_hit
3774	waterfiend_attack
3775	remove_axe2
3776	brutal_jump_into_whirlpool
3777	brutal_hand_fishing
3778	brutal_hand_mining_2
3779	brutal_woodchop
3780	brutal_hand_mining
3781	brutal_hand_mining_1
3782	brutal_fire_cloak_steam
3783	brutal_decant
3784	brutal_pulloutfish
3785	brutal_bow_fire_2
3786	brutal_bow_firemaking
3787	brutal_bow_fire_1
3788	brutal_hand_in_water
3789	anvil05
3790	anvil_single_1
3791	anvil_single_2
3792	anvil06
3793	anvil03
3794	anvil04
3795	pog_mutated_terror_bird_attack
3796	pog_mutated_terror_bird_death
3797	pog_mutated_terror_bird_hit
3798	goblin_snore2
3799	goblin_snore
3800	observatory_screwdriver
3801	observatory_fix_lens
3802	observatory_hammer
3803	observatory_goblin_spit
3804	observatory_planets
3805	patterns_rockingchair
3806	patterns_chair_tap_forward
3807	patterns_chair_tap_backward
3808	patterns_slamdesk
3809	patterns_turncard
3810	patterns_shuffle_desk
3811	pest_portal_shield_down
3812	pest_portal_shield
3813	town_crier_ring_bell_up
3814	town_crier_ring_bell
3816	town_crier_scratch_head
3817	town_crier_ring_bell_down
3819	kr_check_lock
3820	kr_bgsound_writing
3821	kr_smash_window
3822	kr_judge_hammer
3823	kr_pick_lock
3824	kr_jury_whisper
3825	kr_piety
3826	kr_chivalry
3827	mine_rumbling_2
3828	mine_rumbling_1
3829	mine_rumbling_4
3830	mine_rumbling_3
3831	mine_rumbling_5
3832	godwars_swim
3833	godwars_bg_human_death
3834	godwars_avatar_footsteps
3835	godwars_unicorn_death
3836	godwars_avatar_clang
3837	godwars_cannon_destroyed
3838	godwars_bandos_avatar_death
3839	godwars_armadyl_avatar_death
3840	godwars_boulder_rollback
3841	godwars_axe_throw
3842	godwars_unicorn_hit
3843	godwars_bandos_avatar_punch
3844	godwars_whirlpool_jump
3845	godwars_armadyl_hit
3846	godwars_godsword_crush
3847	godwars_godsword_slash
3848	godwars_lion_hit
3849	godwars_armadyl_death
3850	godwars_lion_death
3851	godwars_armadyl_magic_cast
3852	godwars_bg_gorak_attack
3853	godwars_bg_goblin_death
3854	godwars_bg_blade2
3855	godwars_move_boulder
3856	godwars_saradomin_magic_castandfire
3857	godwars_godsword_fix
3858	godwars_saradomin_avatar_hit
3859	godwars_avatar_fall
3860	godwars_saradomin_avatar_death
3861	godwars_zamorak_fire
3862	godwars_water_splash
3863	godwars_armadyl_magic_impact
3864	godwars_zamorak_avatar_death
3865	godwars_avatar_swipe
3866	godwars_zamorak_avatar_attack
3867	godwars_bandos_avatar_hit
3868	godwars_bandos_magic_cast
3869	godwars_godsword_special_attack
3870	godwars_armadyl_magic_whirlwind
3871	godwars_bandos_avatar_attack
3872	godwars_bg_demon_attack
3873	godwars_bandos_magic_impact
3874	godwars_armadyl_ranged
3875	godwars_zamorak_fire_impact
3876	godwars_saradomin_special
3877	godwars_lion_attack
3878	godwars_spirit_hit
3879	godwars_gong
3880	godwars_armour_death
3881	godwars_godsword_stab
3882	godwars_armadyl_wings
3883	godwars_saradomin_swordglow
3884	godwars_lion_magic_impact
3885	godwars_lightening
3886	godwars_saradomin_avatar_shield
3887	godwars_saradomin_magic_impact
3888	godwars_unicorn_attack
3889	godwars_avatar_clang_and_bang
3890	godwars_lion_magic_castandfire
3891	godwars_spirit_death
3892	godwars_armadyl_avatar_attack
3893	Sum2_spirit_beast_hit
3894	Sum1_spirit_beast_stamp_attack
3895	Sum2_corp_spirit_beast_mid_proj1
3896	Sum2_corp_spirit_beast_mid_proj
3897	Sum2_corp_spirit_beast_weak_proj1
3898	Sum2_corp_spirit_beast_strong_proj
3899	Sum2_corp_spirit_beast_mid_proj2
3900	Sum1_beast_walk1
3901	Sum2_dark_core_launch
3902	Sum1_beast_walk3
3903	Sum2_corp_spirit_beast_weak_proj
3904	Sum2_corp_spirit_beast_strong_proj2
3905	Sum1_beast_walk6
3906	Sum2_spirit_beast_death
3907	Sum1_spirit_beast_swipe
3908	Sum2_corp_spirit_beast_strong_proj1
3909	Sum1_beast_walk2
3910	Sum2_dark_core_ready
3911	Sum1_beast_walk4
3912	Sum1_beast_walk5
3913	Sum2_corp_spirit_beast_weak_proj2
3914	Sum2_spirit_beast_death1
3915	twigs_snapping_2
3916	twigs_snapping_1
3917	twigs_snapping_5
3918	twigs_snapping_4
3919	twigs_snapping_3
3920	herblore_clean_herb_1
3921	herblore_clean_herb_2
3922	herblore_clean_herb_3
3923	herblore_clean_herb_4
3924	ge_collect_coins
3925	ge_trade_ok
3926	ge_trade_error
3927	ge_place_item
3928	ge_collect_items
3929	ge_up_amount
3930	ge_down_amount
3931	tob_bloat_footstep_1
3932	tob_nylocas_melee_attack_2
3933	tob_verzik_spider_footstep_1
3934	tob_verzik_human_death_2
3935	tob_bloat_foot_unstick
3936	tob_verzik_spider_attack_melee
3937	pog_bowl_ambience3
3938	pog_bowl_ambience1
3939	pog_silence2
3940	pog_bowl_ambience2
3941	pog_silence3
3942	tob_maiden_death
3943	tob_nylocas_range_death_spinning
3944	tob_xarpus_player_acid_burn
3945	tob_bloat_flies_attack_2
3946	tob_nylocas_deathdetonate_spinning_2
3947	tob_sotetseg_large_fireball_player_hit
3948	tob_verzik_bat_cry
3949	tob_xarpus_attack_ranged_wing_flap
3950	tob_verzik_spider_spawn
3951	tob_bloat_flies_attack_4
3952	tob_transition_card
3953	tob_nylocas_range_attack_projectiles_2
3954	tob_bloat_flies_attack_3
3955	tob_maiden_death_part_1
3956	tob_xarpus_swollowing_health
3957	tob_verzik_spider_attack_melee_cry
3958	tob_maiden_death_part_2
3959	tob_nylocas_deathdetonate_sizzle
3960	tob_verzik_human_death_1
3961	tob_verzik_vampire_flap
3962	tob_xarpus_fly_up_wingback_3
3963	tob_sotetseg_teleport_shadowrealm
3964	tob_xarpus_idle_wingflap_3
3965	tob_bloat_death
3966	tob_nylocas_range_attack_shriek_2
3967	tob_nylocas_deathdetonate_bang_1
3968	tob_verzik_vampire_melee_attack_2
3969	tob_pillar_collapse
3970	tob_sotetseg_player_tile_explosion_impact_2
3971	tob_bloat_hit
3972	tob_sotetseg_walk_1
3973	tob_verzik_spider_webspin_attack
3974	tob_verzik_spider_footstep_4
3975	tob_xarpus_idle_wingflap_2
3976	tob_bloat_snore
3977	tob_verzik_human_defend
3978	tob_nylocas_range_death_shriek
3979	tob_verzik_spider_footstep_3
3980	tob_nylocas_melee_death_shriek_2
3981	tob_maiden_blood_attack
3982	tob_magic_melee_attack
3983	tob_bloat_flies_attack_6
3984	tob_magic_death_spinning
3985	tob_sotetseg_player_tile_explosion_impact
3986	tob_verzik_human_magic_attack
3987	tob_verzik_vampire_magic_attack
3988	tob_verzik_spark_2
3989	tob_maiden_blood_hit
3990	tob_verzik_spider_attack_ranged
3991	tob_verzik_spider_powerblast_1
3992	tob_nylocas_melee_death_spinning_4
3993	tob_nylocas_range_melee_attack
3994	tob_sotetseg_large_attack_ranged
3995	tob_xarpus_exhumes_close
3996	tob_sotetseg_fireball_player_hit
3997	tob_verzik_vampire_melee_attack_1
3998	tob_bloat_footstep_2
3999	tob_maiden_hit
4000	tob_verzik_spider_powerblast_2
4001	tob_sotetseg_red_spiral_hum
4002	tob_maiden_blood_attack_part_2
4003	tob_verzik_spider_footstep_2
4004	tob_verzik_spider_magic_attack
4005	tob_xarpus_acid_floor_hit
4006	tob_nylocas_magic_attack_5
4007	tob_xarpus_damaged_screech
4008	tob_verzik_spider_death_1
4009	tob_verzik_human_hit
4010	tob_magic_death_shriek
4011	tob_nylocas_melee_death_bang_1
4012	tob_verzik_bat_flap
4013	tob_verzik_vampire_heal
4014	tob_xarpus_death_wingflap
4015	tob_sotetseg_ricochet_player_hit
4016	tob_bloat_flies_attack_5
4017	tob_sotetseg_walk_3
4018	tob_xarpus_hit
4019	tob_sotetseg_hit
4020	tob_nylocas_hit
4021	tob_verzik_vampire_hit
4022	tob_verzik_spider_hit
4023	deadman_resume
4024	deadman_pause
4025	earthsurge_cast_and_fire
4026	earthsurge_hit
4027	windsurge_hit
4028	windsurge_cast_and_fire
4029	watersurge_hit
4030	watersurge_cast_and_fire
4031	firesurge_hit
4032	firesurge_cast_and_fire
4033	human_footstep_3
4034	human_footstep_2
4035	human_footstep_1
4036	dark_altar_loop
4037	blustery_wind_loop_3
4038	blustery_wind_loop_4
4039	swamp_bubble_loop_slow_1
4040	swamp_bubble_loop_slow_2
4041	swamp_bubble_loop_slow_3
4042	swamp_bubble_loop_slow_4
4043	altar_crystal_chime_3
4044	altar_crystal_chime_4
4045	altar_crystal_chime_2
4046	altar_crystal_chime_1
4047	bird_twitter_11
4048	bird_twitter_7
4049	bees_2
4050	bees_3
4051	bees_4
4052	bees_5
4053	bird_twitter_8
4054	bird_twitter_9
4055	bird_twitter_10
4056	hespori_magic_cast_fire
4057	hespori_vine_no_move
4058	Hespori_Special
4059	hespori_spawn
4060	hespori_defend
4061	Hespori_Range
4062	hespori_entangle
4063	hespori_magic_hit
4064	Hespori_Death_1
4065	hespori_vines
4066	brimstone_dungeon_water_flow_loop_4
4067	hydra_boss_stage_4_spawn
4068	hydra_boss_stage_1_hit
4069	brimstone_dungeon_rumble_1
4070	wyrm_magic_attack
4071	brimstone_dungeon_gas_loop_2
4072	brimstone_dungeon_water_flow_loop_3
4073	wyrm_transition_down
4074	brimstone_dungeon_rumble_5
4075	hydra_boss_stage_1_death
4076	hydra_boss_neutralize
4077	brimstone_dungeon_water_flow_loop_1
4078	hydra_geyser
4079	brimstone_dungeon_drip_5
4080	hydra_boss_stage_4_death
4081	wyrm_walk
4082	brimstone_dungeon_gas_loop_1
4083	hydra_boss_magic_hit
4084	wyrm_hit
4085	wyrm_melee_attack
4086	brimstone_dungeon_rumble_7
4087	hydra_boss_stage_3_head_land
4088	wyrm_spark_2
4089	hydra_boss_stage_1_ranged_attack
4090	brimstone_dungeon_rumble_6
4091	brimstone_dungeon_rumble_2
4092	wyrm_spark_3
4093	brimstone_dungeon_drip_2
4094	hydra_boss_stage_2_spawn
4095	hydra_boss_head_slice
4096	drake_special_range_attack
4097	brimstone_dungeon_water_flow_loop_5
4098	brimstone_dungeon_drip_1
4099	hydra_boss_fire_stack
4100	brimstone_dungeon_fire_loop_1
4101	drake_hit
4102	hydra_boss_door_close
4103	hydra_boss_stage_1_magic_attack
4104	drake_death
4105	wyrm_death
4106	hydra_boss_head_land
4107	hydra_boss_stage_4_death_rocks
4108	brimstone_dungeon_gas_loop_4
4109	brimstone_dungeon_gas_loop_6
4110	brimstone_dungeon_rumble_3
4111	brimstone_dungeon_rumble_loop_1
4112	hydra_boss_footstep_1
4113	brimstone_dungeon_gas_loop_5
4114	wyrm_transition_up_spark
4115	brimstone_dungeon_fire_loop_2
4116	wyrm_spark_4
4117	brimstone_dungeon_water_flow_loop_2
4118	hydra_boss_stage_2_spark
4119	brimstone_dungeon_gas_loop_3
4120	hydra_boss_ranged_hit
4121	wyrm_spark_1
4122	hydra_boss_stage_4_death_rumble
4123	brimstone_dungeon_wind_loop
4124	brimstone_dungeon_rumble_4
4125	brimstone_dungeon_drip_4
4126	brimstone_dungeon_drip_3
4127	wyrm_transition_up_move
4128	hydra_boss_stage_1_special_attack
4129	hydra_boss_door_open
4130	drake_attack
4131	hydra_boss_generator_loop
4132	hydra_boss_stage_2_spark_part_2
4133	hydra_boss_fire_spawn
4134	hydra_boss_footstep_2
4135	hydra_boss_pool_land
4136	drake_ranged
4137	kebos_bubble
4138	dragonclaws_special_1
4139	dragonclaws_normal
4140	dragonclaws_special_2
4141	dragonclaws_special_3
4142	sote_gauntlet_barrier_loop
4143	sote_bell_d
4144	sote_zalcano_step_1
4145	sote_dark_lord_death_1
4146	sote_dark_lord_spawn
4147	sote_portal_whoosh_2
4148	sote_zalcano_stand_up_1
4149	sote_zalcano_death
4150	sote_zalcano_step_2
4151	sote_bell_b
4152	sote_bell_high_c
4153	sote_zalcano_melee_rocks_falling
4154	sote_hunleff_magic
4155	sote_dark_lord_phantom_hit
4156	sote_dark_lord_hit
4157	sote_portal_loop
4158	sote_dark_lord_ranged_2
4159	sote_dark_lord_despawn
4160	sote_dark_lord_death_2
4161	sote_hunleff_attack2
4162	sote_zalcano_pentagram
4163	sote_zalcano_fall_down
4164	sote_bell_a
4165	sote_dark_lord_powerblast_2
4166	sote_hunleff_hit2
4167	sote_hunleff_death
4168	sote_library_book_whirlwind_loop
4169	sote_whiteout
4170	sote_zalcano_blue_symbol_loop
4171	sote_zalcano_stand_up_2
4172	sote_zalcano_symbol_power
4173	sote_dark_lord_ranged_1
4174	sote_zalcano_orange_symbol_loop
4175	sote_rock_explode
4176	sote_bell_c
4177	sote_zalcano_damaged
4178	sote_dark_lord_melee
4179	sote_dark_lord_powerblast_1
4180	sote_hunleff_ranged
4181	sote_dark_lord_destroy_whirlwind
4182	sote_dark_lord_ranged_impact
4183	sote_singing_bowl_loop
4184	sote_zalcano_melee_attack
4185	sote_dark_lord_heal
4186	sote_zalcano_mage_attack
4187	sote_zalcano_mage_rock_hit
4188	sote_zalcano_range_attack
4189	sote_bell_f
4190	sote_dark_lord_ranged_3
4191	sote_bell_g
4192	sote_bell_e
4193	sote_portal_whoosh_1
4194	sote_dark_lord_freed
4195	clock_tick_single
4196	snap2
4197	giant_basilisk_hit
4198	giant_basilisk_stomp
4199	giant_basilisk_attack_1
4200	frem_exiles_stone_crack
4201	jormungand_magic
4202	jormungand_hit
4203	jormungand_attack
4204	jormungand_death
4205	frem_exiles_stone_explode
4206	frem_exiles_entomb_cast
4207	frem_exiles_entomb
4208	giant_basilisk_death
4209	jormungand_hiss
4210	giant_basilisk_attack_2
4211	relic_unlock_spinning_hover
4212	relic_unlock_high_sound_2
4213	relic_unlock_absorb
4214	relic_unlock_high_sound_1
4215	relic_unlock_pulsing
4216	absorb_relic_2
4217	relic_unlock_all_1
4218	league_trophy_ding
4219	noa_ranged_hit
4220	spawn_bone_cracks_many_2
4221	spawn_bone_crack_5
4222	noa_magic_particles_5
4223	noa_sleepwalker_3_death
4224	noa_magic_screech_1
4225	noa_confusion_p2_2
4226	noa_death_spin
4227	noa_sleepwalker_swallow
4228	noa_rift_screech_1
4229	noa_sleepwalker_5_hit
4230	noa_ranged_attack_bone_crunch_1
4231	noa_magic_particles_6
4232	noa_confuse_hit_2
4233	noa_parasite_puke
4234	noa_body_twist_1
4235	noa_sleepwalker_1_death
4236	noa_confusion_p2_1
4237	spawn_bone_crack_2
4238	noa_rift_arms_rising_2
4239	noa_magic_particles_4
4240	noa_surge_clap
4241	noa_parasite_bloat
4242	noa_trance_husk_projectile
4243	noa_parasite_magic
4244	noa_plants_appear
4245	noa_screech_melee_4
4246	spawn_bone_crack_7
4247	noa_parasite_grow_strong
4248	noa_sleepwalker_appear
4249	noa_melee_scratch_floor_1
4250	noa_magic_particles_3
4251	spawn_bone_crack_9
4252	noa_husk_death
4253	noa_melee_attack_movement
4254	noa_totem_charged
4255	noa_confusion_p1
4256	noa_rift_arms_hit_1
4257	noa_parasite_ranged_attack_buzz
4258	noa_magic_projectile
4259	noa_lotus_flower_petal_highsounds
4260	noa_confusion_end
4261	noa_parasite_death
4262	noa_respawn
4263	noa_sleepwalker_1_hit
4264	noa_husk_ranged
4265	noa_parasite_spawn
4266	noa_magic_particles_2
4267	noa_sleepwalker_5_death
4268	noa_ranged_attack_bone_crunch_3
4269	noa_death_body_fall_1
4270	noa_ranged_attack_spin_3
4271	noa_despawn
4272	noa_nightmare_mushroom_appear
4273	noa_nightmare_mushroom_die
4274	noa_rift_open_1
4275	noa_death_cry_3
4276	noa_sleepwalker_2_hit
4277	noa_rift_arms_rising
4278	noa_husk_hit
4279	noa_ranged_attack_spin_1
4280	noa_screech_melee_2
4281	noa_hit
4282	noa_melee_scratch_floor_7
4283	noa_surge_run_1
4284	noa_appearing_plants_1
4285	noa_parasite_ranged
4286	noa_magic_particles_7
4287	noa_confuse_hit
4288	noa_parasite_ranged_attack_thrust
4289	noa_ranged_attack_bone_crunch_2
4290	noa_sleepwalker_4_hit
4291	spawn_body_rising
4292	noa_sleepwalker_3_hit
4293	noa_lotus_flower_petal_screech
4294	noa_parasite_mage_attack_projectile
4295	noa_death_cry_1
4296	noa_parasite_hit
4297	noa_lotus_flower_petal_fly
4298	spawn_bone_crack_8
4299	noa_confusion_p1_1
4300	noa_ranged_attack_spin_2
4301	noa_surge_run_3
4302	noa_husk_magic
4303	noa_confusion_p3
4304	noa_parasite_mage_attack_buzz
4305	noa_parasite_death_1
4306	noa_enter_nightmare_instance_fade_in
4307	noa_rift_start
4308	spawn_bone_crack_1
4309	noa_sleepwalker_2_death
4310	noa_confusion_p1_2
4311	noa_enter_nightmare_instance
4312	noa_trance_hit
4313	noa_death_cry_4
4314	noa_parasite_spawn_buzz
4315	spawn_bone_crack_3
4316	noa_confusion_p2
4317	noa_sleepwalker_4_death
4318	noa_screech_melee_1
4319	noa_melee_player_hit
4320	noa_totem_powerup
4321	noa_segment_change
4322	noa_rift_end_screech_1
4323	noa_ranged_projectile
4324	noa_death_cry_2
4325	noa_confusion_p4
4326	spawn_bone_crack_6
4327	noa_screech_melee_3
4328	noa_lotus_flower_open_bass_1
4329	noa_lotus_flower_open_bass
4330	noa_confusion_end_swirl_scream
4331	noa_confusion_bass_1
4332	noa_sleepwalker_lunar_hit
4333	noa_body_twist_2
4334	noa_scrape_floor_1
4335	noa_parasite_ranged_attack_projectile
4336	noa_parasite_projectile
4337	noa_despawn_woosh
4338	noa_surge_run_2
4339	noa_sleepwalker_lunar_death
4340	spawn_bone_crack_4
4341	noa_husk_appear
4342	mory_vanstrom_enraged_magic_impact_4
4343	mory_vanstrom_thunder_2
4344	mory_myreque_burn
4345	hal_sep_arrow_statue_move_3
4346	hal_sep_bolt_projectile_1
4347	hal_sep_wind_gust_6
4348	mory_cutscene_vanstrom_energy_charge
4349	mory_vanstrom_enraged_magic_impact_2
4350	mory_vanstrom_cutscene_barrier
4351	hal_sep_firetourch_5
4352	hal_sep_statue_move_4
4353	mory_vanstrom_thunder_4
4354	mory_vanstrom_cutscene_barrier_spawn
4355	mory_vanstrom_death_explosion
4356	hal_sep_bolt_projectile_2
4357	mory_cutscene_safalaan_energy_charge
4358	mory_vanstrom_mist_transform_return
4359	mory_vanstrom_hit_with_acid
4360	hal_sep_sword_woosh_1
4361	hal_sep_bolt_projectile
4362	hal_sep_teleport_activate_4
4363	mory_vanstrom_enraged_magic_impact_3
4364	mory_vanstrom_thunder_1
4365	mory_vanstrom_bloodveld_cast
4366	mory_wind_loop_2
4367	hal_sep_30_second_bell
4368	hal_sep_firetourch_7
4369	hal_sep_lightning_trap_4
4370	mory_vanstrom_enraged_magic_impact_7
4371	mory_cutscene_vanescula_imprisoned
4372	mory_vanstrom_appear_arm_rise
4373	hal_sep_firetourch_3
4374	mist_loop_test
4375	mory_vanstrom_thunder_6
4376	mory_vanstrom_orb_detonate
4377	mory_vanstrom_darkness_attack_hit
4378	hal_sep_wind_gust_1
4379	mory_vanstrom_thunder_7
4380	hal_sep_firetourch_6
4381	mory_cutscene_safalaan_flyback
4382	hal_sep_firetourch_4
4383	mory_cutscene_vampire_arrives_1
4384	mory_cutscene_strangle
4385	mory_vanstrom_enraged_magic_impact
4386	hal_sep_lightning_trap_3
4387	hal_sep_sword_statue_move
4388	hal_sep_timer_up
4389	mory_myreque_5_vampire_transform
4390	mory_vanstrom_shadow_cast_attack
4391	mory_vanstrom_thunder_5
4392	mory_vanstrom_shadow_attack_impact
4393	mory_bloodveld_splat
4394	mory_vanstrom_mist_transform
4395	hal_sep_statue_move_2
4396	mory_vanstrom_mist_transform_hum
4397	mory_essence_mine_essence_loop
4398	hal_sep_lightning_trap_2
4399	mory_bloodveld_death
4400	mory_vanstrom_enraged_magic_impact_5
4401	mory_vanstrom_darkness_hit
4402	mory_vanstrom_enraged_magic
4403	hal_sep_obelisk_loop
4404	mory_vanstrom_drakans_tele_out
4405	mory_vanstrom_enraged_magic_impact_6
4406	mory_cutscene_low_bass_tremor
4407	hal_sep_bolt_projectile_loop
4408	mory_vanstrom_blood_attack_impact
4409	hal_sep_wind_gust_3
4410	hal_sep_sword_statue_throw
4411	hal_sep_sword_woosh_3
4412	mory_vanstrom_darkness_attack_summon
4413	hal_sep_firetourch_2
4414	hal_sep_sword_woosh_2
4415	mory_vanstrom_blood_range_attack
4416	mory_vanstrom_thunder_3
4417	hal_sep_teleport_activate_6
4418	hal_sep_statue_move_3
4419	mory_cutscene_vanescula_trapped
4420	hal_sep_teleport_activate_3
4421	mory_vanstrom_cutscene_barrier_cast
4422	hal_sep_bolt_projectile_3
4423	mory_vanstrom_enrage_heal
4424	mory_vanstrom_orb_spawn
4425	hal_sep_teleport_successful
4426	hal_sep_teleport_activate_5
4427	hal_sep_arrow_statue_move_2
4428	hal_sep_lightning_trap_1
4429	mory_wind_loop_1
4430	mory_vanstrom_enrage_power_up
4431	hal_sep_wind_gust_4
4432	hal_sep_lightning_trap_7
4433	hal_sep_lightning_trap_5
4434	hal_sep_teleport_activate_2
4435	mory_cutscene_vanescula_caught
4436	mory_vanstrom_enraged_magic_impact_1
4437	mory_vanstrom_appear_1
4438	mory_vyres_explode
4439	hal_sep_wind_gust_5
4440	hal_sep_statue_move_5
4441	mory_vanstrom_darkness_attack_escaped
4442	hal_sep_sword_statue_grab
4443	mory_vyres_death
4444	hal_sep_statue_move_1
4445	mory_vanstrom_orb_summon
4446	hal_sep_wind_gust_2
4447	hal_sep_sword_statue_sword_down
4448	hal_sep_teleport_activate
4449	mory_bloodveld_teleport_in
4450	hal_sep_firetourch_1
4451	hal_sep_arrow_statue_move_1
4452	hal_sep_lightning_trap_6
4453	mory_vanstrom_acid_remove
4454	sote_hunleff_change
4455	bear_hit_undead
4456	bear_attack_undead
4457	bear_death_undead_02
4458	bear_attack_undead_stomp_impact
4459	bear_undead_rock_fall
4460	bear_attack_undead_stomp_impact_01
4461	lore_deadlyclaw_impact
4462	lore_iron_titan_impact
4463	lore_barker_toad_swallow_cannonball
4464	lore_geyser_titan_hit
4465	lore_evilturnip
4466	lore_abyssal_titan_bring_pouches
4467	lore_ice_titan_hit
4468	lore_squawk
4469	lore_spike_shot
4470	lore_pack_yak_attack
4471	lore_ent
4472	lore_obsidian_golem_hit
4473	lore_raven_chick
4474	lore_spell2
4475	lore_abyssal_titan_death
4476	lore_sheepdog
4477	lore_kyatt_attack
4478	lore_lobster_hit
4479	lore_barker_toad_death
4480	lore_compost_hit
4481	lore_ice_titan_attack
4482	lore_war_turtle_death
4483	lore_giant_rat_death
4484	lore_mosquito_death
4485	lore_kalphite
4486	lore_pack_yak_death
4487	lore_rending
4488	lore_dust_devil
4489	lore_compost_death
4490	lore_karamthulhu_defend
4491	lore_karamthulhu_spawn
4492	lore_barker_toad_hit
4493	lore_dragonhatchling_death
4494	lore_dust_devil_fire
4495	lore_toad_bark
4496	lore_mosquito_hit
4497	lore_summon
4498	lore_badger_hit
4499	lore_adamantite_shell
4500	lore_torcher_firebreath
4501	lore_electric_lash
4502	lore_inferno_impact
4503	lore_spider
4504	lore_compost_attack
4505	lore_snail_death
4506	lore_truffle_hunt
4507	lore_bulldog
4508	lore_dreadfowl_strike
4509	lore_gecko
4510	lore_dust_devil_death
4511	lore_cockatrice_3_death
4512	lore_snake_hit
4513	lore_arctic_blast
4514	lore_torcher_fire
4515	lore_poisonous_blast_impact
4516	lore_cockatrice_2_hit
4517	lore_torcher_attack
4518	lore_jelly_attack
4519	lore_cockatrice_5_death
4520	lore_chinchompa_hit
4521	lore_polar_bear_death
4522	lore_spinner_heal
4523	lore_wolf_whine2
4524	lore_inferno
4525	lore_scorpion
4526	lore_skill_boost
4527	lore_preying_mantis
4528	lore_dreadfowl_boost
4529	lore_abyssal_titan_spawn
4531	lore_swamp_titan_spawn
4532	lore_penguin
4533	lore_swamp_plague
4534	lore_geyser_titan_impact
4535	lore_spell_impact
4536	lore_geyser_titan_range
4537	lore_preying_mantis_death
4538	lore_fruit_bat
4539	lore_cockatrice_4_death
4540	lore_pyrefiend_attack
4541	lore_dagganoth_attack
4542	lore_ice_titan_spawn
4543	lore_obsidian_thunder
4544	lore_abyssal_lurker
4545	lore_chamaleon
4546	lore_obsidian_golem_attack
4547	lore_larupita_attack
4548	lore_magpie
4549	lore_giant_ant_death
4550	lore_karamthulhu_attack
4551	lore_dust_butt_impact
4552	lore_fire_titan_spawn
4553	lore_deadlyclaw_cast
4554	lore_desert_worm_burrow_up
4555	lore_dagganoth_death
4556	lore_terrier
4557	lore_iron_titan_hit
4558	lore_steel_titan_range
4559	lore_wolf_howl
4560	lore_iron_titan_spawn
4561	lore_poisonous_blast
4562	lore_steel_titan_death
4563	lore_prayer
4564	lore_polar_bear_attack
4565	lore_desert_worm_attack
4566	lore_kyatt_death
4567	lore_hoot
4568	lore_dragonbaby_attack
4569	lore_immense_heat
4570	lore_nailbeast_attack
4571	lore_unburden
4572	lore_charging
4573	lore_hydra_attack
4574	lore_penguin2
4575	lore_cockatrice_6_death
4576	lore_mountain_strength
4577	lore_labrador
4578	lore_polar_bear_hit
4579	lore_bull_rush
4581	lore_larupita_death
4582	lore_macaw_breeze
4583	lore_desert_worm_burrow_down
4584	lore_cockatrice_5_hit
4585	lore_moss_titan_death
4586	lore_geyser_titan_attack
4587	lore_eggspawn
4588	lore_giant_rat
4589	lore_fruitfall_splat
4590	lore_desert_worm_hit
4591	lore_dust_devil_hit
4592	lore_desert_worm_death
4593	lore_healing_aura
4594	lore_lava_assault
4595	lore_electric_lash_impact
4596	lore_minotaur_death
4597	lore_locust
4598	lore_wolf_woofwoof_growl
4599	lore_swamp_titan_attack
4600	lore_torcher_hit
4601	lore_lobster_attack
4602	lore_karamthulhu_special_impact
4603	lore_steel_titan_spawn
4604	lore_smallbird_twitter
4605	lore_abyssal_titan_attack
4606	lore_bg_obelisk
4607	lore_chinchompa_explode
4608	lore_evilturnip_hit
4609	lore_pack_yak_hit
4610	lore_dagganoth_hit
4611	lore_monkey
4612	lore_dust_devil_attack
4613	lore_badger_death
4614	lore_war_turtle_attack
4615	lore_swamp_plague_impact
4616	lore_minotaur_attack
4617	lore_nailbeast_hit
4618	lore_pyrefiend_death
4619	lore_hoot2
4620	lore_abyssal_lurker_attack
4621	lore_flyaway
4622	lore_kyatt_hit
4623	lore_scorpion_death
4624	lore_giant_rat_hit
4625	lore_unicorn_death
4626	lore_chinchompa_attack
4627	lore_flaming_prince_attack
4628	lore_dreadfowl
4629	lore_petrify
4630	lore_torcher_spawn
4631	lore_nailbeast
4632	lore_steel_titan_special
4633	lore_dragonbaby_hit
4634	lore_graahk
4635	lore_compost
4636	lore_steel_of_legends
4637	lore_graahk_death
4638	lore_rockcrab
4639	lore_slime_trail
4640	lore_creature_create_item
4641	lore_mantis_strike
4642	lore_lava_titan_special
4643	lore_flaming_prince_death
4644	lore_wolf_bark_question
4645	lore_hydra_hit
4646	lore_stony_shell
4647	lore_ent_attack
4648	lore_shifter_attack
4649	lore_wolpertinger_death
4650	lore_bunyip
4651	lore_herbcall
4652	lore_lava_titan_spawn
4653	lore_pyrefiend_hit
4654	lore_bunyip_hit
4655	lore_slime_trail_impact
4656	lore_war_turtle
4657	lore_abyssal_titan_hit
4658	lore_puppy_whine
4659	lore_bull_rush_impact
4660	lore_dragonhatchling_hit
4661	lore_raccoon
4662	lore_beaver
4663	lore_snake
4664	lore_ravager_death
4665	lore_spinner_hit
4666	lore_gecko2
4667	lore_steel_titan_hit
4668	lore_wolf_howl2
4669	lore_bunyip_death
4670	lore_shifter_hit
4671	lore_craft_pouch
4672	lore_hydra_death
4673	lore_spinner_death
4674	lore_flyback
4675	lore_iron_within
4676	lore_zam_hawk
4677	lore_snail
4678	lore_cockatrice_2_attack
4679	lore_no_pets
4680	lore_kyatt_special
4681	lore_stranger_plant_death
4682	lore_wolf_whine
4683	lore_cockatrice_1_attack
4684	lore_lobster
4685	lore_cockatrice_7_attack
4686	lore_cockatrice_4_hit
4687	lore_lava_titan_hit
4688	lore_dust_butt
4689	lore_famine
4690	lore_iron_titan_death
4691	lore_cockatrice_1_death
4692	lore_karamthulhu_death
4693	lore_war_turtle_hit
4694	lore_lava_titan_death
4695	lore_vampire_bat
4696	lore_puppy_bark
4697	lore_obsidian_golem_spawn
4698	lore_swamp_titan_death
4699	lore_mosquito_attack
4700	lore_harrass
4701	lore_abyssal_lurker_death
4702	lore_ravager_dig
4703	lore_cockatrice_6_attack
4704	lore_dreadfowl_special
4705	lore_chinchompa
4706	lore_gecko3_hiss
4707	lore_unicorn_attack
4708	lore_nesting_cast
4709	lore_thieving_fingers
4710	lore_fire_titan_attack
4711	lore_minotaur
4712	lore_cockatrice_6_hit
4714	lore_steel_titan_range_impact
4715	lore_steel_titan_special_impact
4716	lore_stranger_plant_hit
4717	lore_envenom_weapon
4718	lore_preying_mantis_hit
4719	lore_multichop
4720	lore_vampire_touch
4721	lore_bunyip_attack
4722	lore_badger_attack
4723	lore_fishrain_splat
4724	lore_squirrel
4725	lore_jelly_hit
4726	lore_giant_ant_hit
4727	lore_locust_jump
4728	lore_graahk_special
4729	lore_scorpion_attack
4730	lore_dragonbaby_death
4731	lore_overwhelmingwaters_impact
4732	lore_moss_titan_hit
4733	lore_insane_ferocity
4734	lore_torcher_death
4735	lore_stranger_plant
4736	lore_cockatrice_5_attack
4737	lore_dust_devil_fire_impact
4738	lore_ent_defend
4739	lore_macaw
4740	lore_jelly_death
4741	lore_snake_death
4743	lore_steel_titan_attack
4744	lore_geyser_titan_spawn
4745	lore_magic_might
4746	lore_graahk_hit
4747	lore_swamp_titan_timer
4748	lore_unicorn_hit
4749	lore_nailbeast_death
4750	lore_ice_titan_death
4751	lore_twitter
4752	lore_minotaur_hit
4753	lore_graahk_attack
4754	wolf_giant_wolpertinger_desummoned
4755	lore_ent_death
4756	lore_polar_bear
4757	lore_hydra_ranged
4758	lore_locust_land
4759	lore_fire_titan_death
4760	lore_cockatrice_3_hit
4761	lore_stranger_plant_attack
4762	lore_shifter_death
4763	lore_dragonhatchling_attack
4764	lore_ravager_hit
4765	lore_minotaur_special
4766	lore_dissolve_cast
4767	lore_iron_titan_attack
4768	lore_generate_compost_impact
4769	lore_gecko3
4770	lore_snail_attack
4771	lore_cockatrice_4_attack
4772	lore_spell
4773	lore_cockatrice_7_death
4774	lore_cockatrice_1_hit
4775	lore_cockatrice_2_death
4776	lore_spinner_spin
4777	lore_moss_titan_attack
4778	lore_swamp_titan_hit
4779	lore_unicorn
4780	lore_abyssal_lurker_defend
4781	lore_dissolve_impact
4782	lore_ravager_attack
4783	lore_barker_toad
4784	lore_snake_attack
4785	lore_wolpertinger
4786	lore_sara_kestrel
4787	lore_barker_toad_attack
4788	lore_tireless_run
4789	lore_snail_hit
4790	lore_lobster_death
4791	lore_cockatrice_3_attack
4792	lore_cockatrice_7_hit
4793	lore_flaming_prince_hit
4794	lore_goad
4795	lore_lava_titan_attack
4796	lore_barker_toad_special_attack
4797	lore_wolf_growl
4798	lore_iron_titan_range
4799	lore_scorpion_hit
4800	lore_larupita_hit
4801	lore_steel_titan_melee_impact
4802	lore_snake_incubation
4803	lore_evilturnip_attack
4804	lore_crushing_claw
4805	lore_wolf_bark
4806	lore_stork
4807	lore_giant_ant
4808	lore_moss_titan_spawn
4809	lore_obsidian_thunder_impact
4810	lore_guth_raptor
4812	lore_evilturnip_death
4813	lore_pack_yak
4814	lore_raven
4815	lore_obsidian_golem_death
4816	lore_dagganoth_attack_special
4817	lore_karamthulhu_special_cast
4818	lore_generate_compost
4819	lore_sandstorm
4820	lore_wolpertinger_hit
4821	lore_vulture
4822	lore_evilflames
4823	lore_spinner_attack
4824	lore_geyser_titan_death
4825	lore_titans_constitution
4826	lore_badger
4827	lore_fire_titan_hit
4828	lore_winter_storage
4829	lore_spike_shot_impact
4830	lore_overwhelmingwaters_cast
4831	lore_pyrefiend_spawn
4832	snp_warning_ping
4833	snp_Fire_Boss_defend_cry
4834	snp_Fire_Boss_attack_roar2
4835	snp_Fire_Boss_walk5
4836	snp_Fire_Boss_attack_smash2
4837	snp_Fire_Boss_walk2
4838	snp_Fire_Boss_walk
4839	snp_Fire_Boss_defend_kneel
4840	snp_Fire_Boss_walk14
4841	snp_Fire_Boss_defend_cry3
4842	snp_Fire_Boss_defend_cry2
4843	snp_Fire_Boss_ready3
4844	snp_Fire_Boss_attack_smash
4845	snp_Fire_Boss_ready
4846	snp_Fire_Boss_attack_smash3
4847	snp_Fire_Boss_attack_roar3
4848	snp_Fire_Boss_attack_roar5
4849	snp_Fire_Boss_ready4
4850	snp_Fire_Boss_walk8
4851	snp_Fire_Boss_death_cry
4852	snp_Fire_Boss_attack_smash4
4853	snp_Fire_Boss_walk11
4854	snp_Fire_Boss_ready2
4855	snp_Fire_Boss_walk15
4856	snp_Fire_Boss_walk3
4857	snp_Fire_Boss_walk4
4858	snp_Fire_Boss_walk13
4859	snp_Fire_Boss_attack_smash5
4860	snp_Fire_Boss_defend_kneel3
4861	snp_Fire_Boss_defend_cry4
4862	snp_Fire_Boss_walk10
4863	snp_Fire_Boss_attack_roar
4864	snp_Fire_Boss_attack_roar4
4865	snp_Fire_Boss_ready5
4866	snp_Fire_Boss_defend_kneel2
4867	snp_Fire_Boss_walk9
4868	snp_Fire_Boss_walk7
4869	snp_Fire_Boss_walk6
4870	snp_Fire_Boss_death_kneel
4871	snp_Fire_Boss_defend_cry5
4872	snp_Fire_Boss_walk12
4873	snp_Nature_Boss_ready5
4874	snp_Nature_Boss_ready3
4875	snp_Nature_Boss_walk4
4876	snp_Nature_Boss_walk8
4877	snp_Nature_Boss_ready4
4878	snp_Nature_Boss_walk2
4879	snp_Nature_Boss_walk12
4880	snp_Nature_Boss_attack_roar5
4881	snp_Nature_Boss_walk16
4882	snp_Nature_Boss_attack_stamp
4883	snp_Nature_Boss_attack_stamp4
4884	snp_Nature_Boss_death_roar
4885	snp_Nature_Boss_walk11
4886	snp_Nature_Boss_attack_stamp2
4887	snp_Nature_Boss_walk3
4888	snp_Nature_Boss_attack_roar4
4889	snp_Nature_Boss_walk7
4890	snp_Nature_Boss_ready2
4891	snp_Nature_Boss_attack_stamp5
4892	snp_Nature_Boss_defend_cry5
4893	snp_Nature_Boss_attack_roar3
4894	snp_Nature_Boss_ready
4895	snp_Nature_Boss_death_impact
4896	snp_Nature_Boss_walk10
4897	snp_Nature_Boss_walk13
4898	snp_Nature_Boss_walk15
4899	snp_Nature_Boss_attack_roar
4900	snp_Nature_Boss_walk
4901	snp_Nature_Boss_defend_cry
4902	snp_Nature_Boss_defend_cry4
4903	snp_Nature_Boss_attack_roar2
4904	snp_Nature_Boss_walk9
4905	snp_Nature_Boss_attack_stamp3
4906	snp_Nature_Boss_walk6
4907	snp_Nature_Boss_walk14
4908	snp_Nature_Boss_defend_cry2
4909	snp_Nature_Boss_walk5
4910	snp_Nature_Boss_defend_cry3
4911	snp_obelisk_pulse
4912	snp_obelisk_twist1
4913	snp_obelisk_twist
4914	snp_swamp_bubble2
4915	snp_red_waitingroom_barrier
4916	snp_blue_waitingroom_barrier
4917	snp_portal_loop_1
4918	snp_swamp_bubble1
4919	sled_move
4920	sled_rocks
4921	osb8_trap_close
4922	osb8_trap_caught
4923	star_meteor_despawn
4924	star_meteor_falling
4925	star_meteor_change
4926	star_sprite_blink
4927	star_mine2_1
4928	star_sprite_yawn
4929	star_mine1_1
4930	star_meteor_landing
4931	star_sprite_twinkle
4932	star_mine1
4933	star_mine2
4934	star_sprite_yawn_end1
4935	star_sprite_appear
4936	star_mine1_3
4937	star_sprite_wipe
4938	star_mine2_4
4939	star_mine2_3
4940	star_mine1_2
4941	star_sprite_shake
4942	star_mine2_2
4943	star_mine1_4
4944	fishboss_boss_hit_2
4945	fishboss_boss_hit
4946	fishboss_boss_hit_3
4947	fishboss_boss_surface
4948	fishboss_boss_death_sink
4949	fishboss_fire_fish
4950	fishboss_fill_bucket
4951	fishboss_empty_bucket
4952	harpoon_fish_jump
4953	fishboss_torrent_lightning
4954	fishboss_mast_break
4955	harpoon_fish_splash
4956	fishboss_spirit_fish_loop
4957	fishboss_torrent_appear
4958	fishboss_boss_descend
4959	fishboss_load_fish
4960	harpoon_fish
4961	easter21_foot_tap_04
4962	easter21_foot_tap_03
4963	easter21_hammer_door_01
4964	easter21_bunny_scratch_ear_02
4965	easter21_foot_tap_01
4966	painting_strokes
4967	easter21_foot_tap_02
4968	easter_rabbit_jump
4969	easter21_hammer_door
4970	easter21_bunny_scratch_ear_01
4971	bim_ancient_guardian_defend
4972	bim_ancient_guardian_awaken
4973	bim_dynamite_timer
4974	bim_buying_buff
4975	bim_dynamite_preparation_04
4976	bim_dungeon_wind
4977	bim_dynamite_hiss
4978	bim_disarm_trap_failure_02
4979	bim_dungeon_water_atmos
4980	bim_dynamite_preparation_01
4981	bim_disarm_trap
4982	bim_disarm_trap_failure_01
4983	bim_arrow_trap
4984	bim_wall_dynamite_explosions
4985	bim_ancient_guardian_death
4986	bim_dynamite_lighting_fuse_01
4987	bim_dynamite_lighting_fuse_02
4988	bim_dungeon_rumble
4989	bim_ancient_guardian_melee_attack
4990	bim_dynamite_preparation_02
4991	bim_disarm_trap_failure_03
4992	bim_dynamite_preparation_03
4993	bim_dynamite_preparation
4994	bim_dungeon_door_open
4995	bim_wall_dynamite_explosions_p2
4996	bim_ancient_guardian_awaken_02
4997	judge_hit
4998	akd_xamphur_defend
4999	akd_xamphur_thunder_final_attack
5000	akd_xamphur_mark_of_darkness_faded
5001	akd_xamphur_floor_hand_hit
5002	akd_xamphur_magic_attack
5003	akd_xamphur_floor_hand_death
5004	akd_xamphur_slap_hands_attack
5005	akd_xamphur_floor_hand_attack
5006	akd_xamphur_start_up
5007	judge_wave_cast
5008	akd_xamphur_floor_hands_detached
5009	akd_xamphur_final_attack_02
5010	akd_xamphur_final_attack
5011	akd_xamphur_bind_player
5012	akd_xamphur_floor_hands_attack_prep
5013	akd_xamphur_self_heal
5014	akd_xamphur_magic_attack_defend_hit
5015	akd_xamphur_mark_hit
5016	akd_xamphur_floor_hands_dismiss
5017	akd_xamphur_hands_summon
5018	judge_attack
5019	akd_xamphur_floor_hand_start_attack
5020	judge_fire_hit
5021	akd_xamphur_slap_hands_prep
5022	akd_xamphur_thunder_final_attack_02
5023	judge_death
5024	akd_xamphur_final_charge_attack
5025	resurrect_lesser_skele_cast_and_fire
5026	skeleton_grasp_cast_and_fire
5027	superior_demonbane_cast
5028	resurrect_superior_ghost_cast_and_fire
5029	ghostly_grasp_hit
5030	undead_grasp_cast_and_fire
5031	dark_lure_hit
5032	shadow_veil_cast
5033	sinister_offering_cast
5034	death_charge_cast
5035	dark_demonbane_hit
5036	inferior_demonbane_hit
5037	lesser_corruption_cast
5038	inferior_demonbane_cast
5039	resurrect_superior_skele_cast_and_fire
5040	resurrect_lesser_zombiet_cast_and_fire
5041	mark_of_darkness_hit
5042	ghostly_grasp_cast_and_fire
5043	ward_of_arceuus_end
5044	ward_of_arceuus_cast
5045	greater_corruption_cast
5046	mark_of_darkness_cast
5047	death_charge_restore
5048	resurrect_greater_skele_cast_and_fire
5049	vile_vigour_cast
5050	skeleton_grasp_hit
5051	demonic_offering_cast
5052	degrime_cast
5053	dark_demonbane_cast
5054	resurrect_end
5055	undead_grasp_hit
5056	death_charge_end
5057	resurrect_superior_zombie_cast_and_fire
5058	resurrect_greater_zombie_cast_and_fire
5059	dark_lure_cast_and_fire
5060	superior_demonbane_hit
5061	resurrect_lesser_ghost_cast_and_fire
5062	shadow_veil_end
5063	resurrect_greater_ghost_cast_and_fire
5064	dmm_last_recall_tele_reappear
5065	dmm_last_recall_tele_disappear_sustain
5066	dmm_sigil_deattune
5067	dmm_guardian_wing_flap_01
5068	dmm_rampage_power_up_02
5069	dmm_sigil_activate
5070	dmm_rampage_power_up_04
5071	dmm_rampage_power_up_pulse_05
5072	dmm_guardian_wing_flap_04
5073	dmm_sigil_combat_activation_rampage_5
5074	dmm_sigil_combat_activation
5075	dmm_rampage_power_up_pulse_04
5076	dmm_guardian_wing_flap_02
5077	dmm_guardian_wing_flap_03
5078	dmm_sigil_attune
5079	dmm_rampage_power_up_pulse_03
5080	dmm_rampage_power_up_03
5081	dmm_guardian_hum
5082	dmm_rampage_power_up_pulse_01
5083	dmm_last_recall_tele_disappear_open
5084	dmm_guardian_wobbles
5085	dmm_guardian_angel_light_shine
5086	dmm_rampage_power_up_01
5087	dmm_guardian_wing_open
5088	dmm_guardian_angel_hum
5089	dmm_last_recall_tele_disappear_sustain_01
5090	dmm_sigil_no_longer_active
5091	dmm_rampage_power_up_05
5092	dmm_sigil_cooldown_finish
5093	dmm_rampage_power_up_pulse_02
5094	dmm_guardian_wing_retreat
5095	hw_21_spooky_tune
5096	hw_21_climb_down_tree
5098	hw_21_climb_up_tree
5099	hw_21_death_appear
5100	hw_21_death_disappear
5101	hw_21_death_portal_hum
5102	xmas21_unwrap_present_03
5103	xmas21_unwrap_present_01
5104	xmas21_unwrap_present
5105	xmas21_successful_search
5106	xmas21_unwrap_present_02
5107	xmas21_search_bush
5108	xmas21_failed_search
5109	nom_cast_impact
5110	nom_tar_bubble1
5111	nom_launch_special_stage3
5112	nom_destruction_beast_attack4
5113	nom_tar_bubble2
5114	nom_machine_broken_loop
5115	nom_dust_wind_3
5116	nom_area_rumble
5117	nom_mine_ready
5118	nom_drip3
5119	nom_water_fill
5120	nom_melee_attack
5121	nom_arcane_pipe_bgsound
5122	nom_destruction_beast_defend_4
5123	nom_destruction_beast_attack2
5124	nom_defend1
5125	nom_cast_and_fire_intro
5126	nom_summon_mines
5127	nom_drip2
5128	nom_above_ground_bgsound_2
5129	nom_machine_break
5130	nom_crumble_5
5131	nom_launch_special_stage2
5132	nom_mine_land
5133	nom_sitting_jump
5134	nom_destruction_beast_attack3
5135	nom_crumble_4
5136	nom_destruction_beast_death
5137	nom_death_2
5138	nom_machine_bg_hum
5139	nom_drop_slab
5140	nom_drip4
5141	nom_mine_explode
5142	nom_crumble_3
5143	nom_crumble_2
5144	nom_above_ground_bgsound_3
5145	nom_water_fill_top
5146	nom_crumble_1
5147	nom_dust_wind_1
5148	nom_destruction_beast_attack1
5149	nom_destruction_beast_defend_3
5150	nom_water_channel_1
5151	nom_death_1
5152	nom_launch_special_final
5153	nom_tar_bubble3
5154	nom_torch_crackle
5155	nom_push_arcane_door
5156	nom_launch_special_stage4
5157	nom_destruction_beast_defend_2
5158	nom_crumble_6
5159	nom_dust_wind_2
5160	nom_throne_pulse
5161	nom_tar_bubble4
5162	nom_knight_death
5163	nom_sitting_jump_land
5164	nom_arcane_door
5165	nom_launch_special_final_impact
5166	nom_defend
5167	nom_launch_charge_attack
5168	nom_destruction_beast_defend_1
5169	nom_launch_special_impact
5170	nom_pillar_rotate
5171	nom_charge_hit
5172	nom_pick_slab
5173	nom_launch_special_stage1
5174	nom_pillar_stuck
5175	nom_water_lever
5176	nom_avatar_eat
5177	nom_above_ground_bgsound_1
5178	nom_drip1
5179	nom_move_pillar
5180	nex2021_death_01
5181	shroud_rush_cast
5182	nex2021_sacrifice_cast
5183	nex2021_melee_attack
5184	nex2021_walk_right
5185	nex2021_finale_magic_attack_impact
5186	mah4_final_cutscene_rumble
5187	nex2021_attack_movement_01
5188	mah4_hide_stats
5189	mah4_curses_soulsplit_return
5190	nex2021_dash_movement_glide
5191	mah4_curses_leech
5192	nex2021_sacrifice_player_marked
5193	mah4_curses_leech_launch
5194	nex2021_blood_magic_attack_impact
5195	mah4_frozen_fortress_well_breeze_loop
5196	nex2021_nex_deflect
5197	mah4_backpack_crumble
5198	mah4_curses_protect
5199	nex2021_ice_spawn
5200	nex2021_shadow_cast
5201	mah4_heat_orb_bounce
5202	nex2021_turmoil_power_up
5203	nex2021_turmoil_scream_part_01
5204	mah4_temple_lava_small_loop
5205	nex2021_turmoil_intro_scream
5206	nex2021_blood_reaver_death
5207	nex2021_smash_attack_impact
5208	mah4_curses_deflect
5209	nex2021_dash_prepare
5210	mah4_mining_excavation2
5211	nex2021_alternate_cast_attack
5212	nex2021_whoosh_boom
5213	nex2021_player_smoked
5214	mah4_curses_soulsplit
5215	mah4_mining_excavation3
5216	mah4_temple_lava_loop
5217	mah4_heat_orb_thaw
5218	nex2021_death_fall_part_02
5219	nex2021_dash_start_01
5220	nex2021_shadow_smash_attack_aftermath
5221	nex2021_walk_left
5222	nex2021_turmoil_scream_part_011
5223	nex2021_sacrifice_start
5224	nex2021_dash_movement
5225	mah4_pillar_falls_down_well
5226	mah4_heat_orb_place_in_wall
5227	nex2021_dash_charge_up
5228	mah4_waterfiend_projectile
5229	nex2021_attack_movement
5230	nex2021_smash_attack_charge
5231	nex2021_blast_away
5232	nex2021_death_fall_part_01
5233	nex2021_turmoil_power_electric_impact
5234	nex2021_turmoil_end_whoosh_04
5235	mah4_portal_flare
5236	nex2021_death_small_explosion_01
5237	mah4_curses_soulsplit_launch
5238	nex2021_dash_start
5239	nex2021_sacrifice_attack_impact
5240	nex2021_embrace_darkness
5241	nex2021_death_small_explosion_02
5242	mah4_mining_excavation4
5243	nex2021_turmoil_power_down
5244	nex2021_ice_prison_attack
5245	nex2021_blood_reaver_defend
5246	mah4_zaros_blessing_impact
5247	mah4_curses_wrath_2
5248	mah4_mining_excavation7
5249	nex2021_siphon
5250	nex2021_attack
5251	mah4_statue_cracks
5252	nex2021_siphon_02
5253	nex2021_turmoil_scream_part_02
5254	mah4_climbing_rampart
5255	mah4_curses_wrath
5256	nex2021_smoke_magic_attack
5257	nex2021_walk_right_01
5258	nex2021_dash_movement_noise
5259	mah4_curses_bezerk
5260	nex2021_walk_left_02
5261	mah4_curses_wrath_3
5262	mah4_curses_turmoil
5263	mah4_heat_orb_slide
5264	nex2021_turmoil_end_whoosh_03
5265	mah4_mining_excavation5
5266	mah4_mining_excavation9
5267	shroud_blitz_cast
5268	nex2021_walk_left_01
5269	mah4_heat_orb_freeze
5270	shroud_blitz_impact
5271	shroud_barrage_cast
5272	nex2021_ice_destroyed
5273	nex2021_turmoil_end_whoosh_02
5274	nex2021_turmoil_end_whoosh
5275	nex2021_first_cast_attack
5276	shroud_barrage_impact
5277	nex2021_smoke_magic_attack_impact
5278	nex2021_blood_reaver_attack
5279	mah4_mining_excavation6
5280	mah4_curses_leech_impact
5281	nex2021_nex_heal
5282	mah4_zaros_blessing
5283	nex2021_death
5284	shroud_burst_impact
5285	nex2021_finale_magic_attack
5286	nex2021_mage_projectile
5287	nex2021_iceprison_impact_02
5288	nex2021_shadow_ranged_impact
5289	mah4_mining_excavation8
5290	nex2021_turmoil_whoosh
5291	nex2021_spin_out
5292	nex2021_blast_away_land
5293	nex2021_blast_away_screech
5294	mah4_mining_excavation
5295	nex2021_shadow_presence_damage_impact
5296	mah4_curses_sap
5297	nex2021_iceprison_impact
5298	nex2021_blast_away_land_01
5299	mah4_flashbang
5300	mah4_show_stats
5301	mah4_digsite_temple_portal_loop
5302	nex2021_blood_magic_attack
5303	shroud_burst_cast
5304	nex2021_defend
5305	shroud_rush_impact
5306	godwars_armadyl_spec
5307	leagues_III_fragment_activation_equip
5308	leagues_III_interface_04
5309	leagues_III_fragment_activation_set
5310	leagues_III_fragment_equip
5311	leagues_III_boss_lock_loop
5312	leagues_III_waypoint_loop
5313	leagues_III_interface_06
5314	leagues_III_interface_07
5315	leagues_III_interface_08
5316	leagues_III_fragment_dropped_traded
5317	leagues_III_home_teleport
5318	leagues_III_interface_01
5319	leagues_III_interface_05
5320	leagues_III_interface_03
5321	leagues_III_interface_02
5322	leagues_III_waypoint_activate
5323	lotg_transform
5324	lotg_fairy_teleport
5325	lotg_catacomb_door_open_3
5326	lotg_catacomb_door_open_2
5327	lotg_catacomb_door_open_1
5328	lotg_goblin_skeleton_death
5329	lotg_zanik_in_vortex_1
5330	lotg_goblin_skeleton_lightbow
5331	lotg_goblin_skeleton_coils
5332	lotg_fairyring_adjust
5333	lotg_raise_from_dead
5334	lotg_remove_lid
5335	lotg_goblin_skeleton_shards_impact
5336	lotg_goblin_skeleton_coils_impact
5337	lotg_goblin_skeleton_shards
5338	lotg_fairyring_overload
5339	lotg_fairyring_adjust_max
5340	lotg_portal_loop
5341	lotg_goblin_skeleton_attack
5342	lotg_raise_from_dead_spell
5343	lotg_goblin_skeleton_hit
5344	lotg_portal_opening
5345	lotg_zanik_in_vortex_2
5346	lore_goad_3
5347	lore_goad_4
5348	lore_goad_2
5349	portal_create
5350	portal_teleport
5351	gotr_rift_guard_death_drop_staff_02
5352	gotr_rift_guard_spawn_particles_05
5353	gotr_portal_guardian_sleep_rock_movement_04
5354	gotr_guardian_close_rift_power_beam_02
5355	gotr_portal_guardian_sleep_rock_staff_impact_03
5356	gotr_portal_guardian_sleep_rock_end_particles_02
5357	gotr_place_battery_02
5358	gotr_portal_guardian_wakeup_second_movement_02
5359	gotr_portal_guardian_surge_charge_02
5360	gotr_recieve_active_runestone_02
5361	gotr_portal_guardian_surge_high_pitched_impact_01
5362	gotr_portal_guardian_spawn_02
5363	gotr_active_runestone_07
5364	gotr_recieve_active_runestone_04
5365	gotr_portal_guardian_wakeup_movement_04
5366	gotr_portal_loop_02
5367	gotr_place_battery_05
5368	gotr_portal_guardian_surge_charge_05
5369	gotr_portal_guardian_feeding_essence_great_guardian_04
5370	gotr_rift_guard_spawn_particles_01
5371	gotr_portal_guardian_wakeup_charge_up_02
5372	gotr_portal_loop_01
5373	gotr_death_portal_close_01
5374	gotr_death_portal_spawn_02
5375	gotr_portal_loop_03
5376	gotr_portal_guardian_wakeup_movement_06
5377	gotr_place_battery_01
5378	gotr_portal_guardian_surge_charge_06
5379	gotr_small_rift_guardian_attack_03
5380	gotr_rift_guard_attack_melee_staff_charge_up_01
5381	gotr_rift_guard_attack_melee_staff_impact_02
5382	gotr_rift_guard_attack_ranged_staff_charge_02
5383	gotr_recieve_active_runestone_06
5384	gotr_portal_guardian_spawn_particles_03
5385	gotr_rift_guard_attack_ranged_rock_movement_04
5386	gotr_portal_guardian_sleep_rock_movement_03
5387	gotr_portal_guardian_surge_high_pitched_impact_03
5388	gotr_death_portal_spawn_01
5389	gotr_place_battery_12
5390	gotr_rift_guard_attack_ranged_charge_up_01
5391	gotr_rift_guard_attack_melee_staff_charge_up_04
5392	gotr_rift_guard_attack_ranged_rock_movement_05
5393	gotr_portal_guardian_siphon_staff_charge_whish_01
5394	gotr_rift_guard_attack_melee_staff_charge_up_02
5395	gotr_death_portal_close_02
5396	gotr_place_battery_08
5397	gotr_rift_guard_attack_ranged_staff_charge_01
5398	gotr_rift_guard_attack_ranged_rock_movement_01
5399	gotr_rift_guard_attack_defend_02
5400	gotr_portal_guardian_sleep_rock_second_movement_02
5401	gotr_rift_guard_spawn_particles_02
5402	gotr_rift_guard_spawn_particles_08
5403	gotr_rift_guard_defend_range_01
5404	gotr_place_battery_09
5405	gotr_portal_guardian_wakeup_second_movement_01
5406	gotr_guardian_close_rift_power_beam_04
5407	gotr_portal_guardian_sleep_rock_end_movement_15
5408	gotr_place_battery_10
5409	gotr_abyssal_pyramid_magic_att_01
5410	gotr_portal_guardian_wakeup_movement_02
5411	gotr_portal_guardian_sleep_rock_movement_01
5412	gotr_rift_guard_attack_melee_charge_movement_02
5413	gotr_rift_guard_defend_03
5414	gotr_small_rift_guardian_attack_01
5415	gotr_portal_guardian_siphon_staff_charge_01
5416	gotr_place_battery_06
5417	gotr_rift_guard_attack_ranged_rock_movement_02
5418	gotr_rift_guard_death_rock_movement_01
5419	gotr_portal_guardian_sleep_rock_second_movement_03
5420	gotr_guardian_under_water_loop_04
5421	gotr_portal_guardian_sleep_rock_end_particles_01
5422	gotr_recieve_active_runestone_01
5423	gotr_recieve_active_runestone_03
5424	gotr_guardian_under_water_loop_02
5425	gotr_rift_guard_spawn_particles_04
5426	gotr_small_rift_guardian_footstep_left_01
5427	gotr_portal_guardian_sleep_rock_end_movement_01
5428	gotr_place_battery_07
5429	gotr_portal_guardian_wakeup_charge_up_second_version_01
5430	gotr_small_rift_guardian_footstep_01
5431	gotr_guardian_under_water_loop_06
5432	gotr_portal_guardian_feeding_essence_great_guardian_01
5433	gotr_death_portal_spawn_second_part_01
5434	gotr_portal_guardian_wakeup_staff_scrape_floor
5435	gotr_portal_guardian_feeding_essence_great_guardian_03
5436	gotr_rift_guard_spawn_staff_charge_02
5437	gotr_portal_guardian_wakeup_movement_01
5438	gotr_rift_guard_spawn_movement_02
5439	gotr_recieve_special_reward_02
5440	gotr_portal_guardian_sleep_rock_end_movement_03
5441	gotr_place_battery_13
5442	gotr_rift_guard_death_drop_staff_01
5443	gotr_portal_guardian_sleep_rock_end_movement_02
5444	gotr_rift_guard_attack_defend_03
5445	gotr_portal_guardian_sleep_rock_staff_impact_04
5446	gotr_portal_guardian_surge_high_pitched_impact_02
5447	gotr_portal_guardian_surge_charge_03
5448	gotr_rift_guard_attack_melee_staff_impact_01
5449	gotr_portal_guardian_surge_impact_04
5450	gotr_place_battery_056
5451	gotr_portal_guardian_wakeup_movement_05
5452	gotr_abyssal_pyramid_magic_att_02
5453	gotr_portal_guardian_wakeup_movement_03
5454	gotr_guardian_sine_test_sound
5455	gotr_place_battery_03
5456	gotr_place_battery_04
5457	gotr_small_rift_guardian_attack_02
5458	gotr_portal_guardian_wakeup_staff_impact_01
5459	gotr_guardian_under_water_loop_03
5460	gotr_portal_guardian_spawn_03
5461	gotr_recieve_special_reward
5462	gotr_guardian_under_water_loop_05
5463	gotr_portal_flicker_01
5464	gotr_rift_guard_death_rock_movement_impact_02
5465	gotr_rift_guard_attack_ranged_rock_movement_03
5466	gotr_rift_guard_death_rock_movement_impact_03
5467	gotr_portal_guardian_spawn_01
5468	gotr_rift_guard_spawn_staff_charge_01
5469	gotr_guardian_close_rift_power_beam_03
5470	gotr_small_rift_guardian_attack_04
5471	gotr_rift_guard_attack_melee_charge_movement_01
5472	gotr_rift_guard_attack_ranged_staff_impact_01
5473	gotr_place_battery_11
5474	gotr_death_portal_close_03
5475	gotr_portal_guardian_surge_impact_01
5476	gotr_portal_guardian_sleep_rock_staff_impact_02
5477	gotr_portal_guardian_sleep_rock_end_particles_03
5478	gotr_portal_guardian_siphon_staff_impact_01
5479	gotr_abyssal_portal_loop_03
5480	gotr_portal_guardian_siphon_staff_inital_charge_01
5481	gotr_portal_guardian_siphon_staff_inital_charge
5482	gotr_rift_guard_attack_melee_staff_charge_up_03
5483	gotr_rift_guard_defend_04
5484	gotr_recieve_active_runestone_05
5485	gotr_portal_guardian_surge_impact_03
5486	gotr_recieve_special_reward_01
5487	gotr_portal_guardian_wakeup_charge_up_01
5488	gotr_portal_guardian_spawn
5489	gotr_portal_guardian_surge_impact_02
5490	gotr_rift_guard_spawn_movement_01
5491	gotr_portal_guardian_sleep_rock_second_movement_01
5492	gotr_portal_guardian_sleep_rock_movement_02
5493	gotr_rift_guard_spawn_particles_06
5494	gotr_portal_guardian_feeding_essence_great_guardian_02
5495	gotr_rift_guard_attack_defend_01
5496	gotr_portal_guardian_surge_charge_01
5497	gotr_rift_guard_death_rock_movement_impact_01
5498	gotr_rift_guard_attack_melee_charge_movement_03
5499	gotr_rift_guard_spawn_particles_03
5500	gotr_portal_guardian_sleep_rock_staff_impact_01
5501	gotr_rift_guard_spawn_particles_07
5502	gotr_portal_guardian_surge_charge_04
5503	gotr_guardian_under_water_loop_01
5504	gotr_portal_guardian_surge_swoosh_01
5505	gotr_guardian_close_rift_power_beam_01
5506	gotr_portal_guardian_sleep_rock_hand_on_head_01
5507	tote_magic_hum
5508	easter22_crate_question_01
5509	easter22_crate_survery_third_move_01
5510	easter22_crate_despawn_question
5511	easter22_crate_spawn_falling_second_impact_01
5512	easter22_kebab_squelch
5513	easter22_cooking_kebab
5514	easter22_crate_exclaim_despawn_06
5515	easter22_wood_crate_creak_01
5516	easter22_crate_shake_03
5517	easter22_crate_survery_third_move_02
5518	easter22_crate_shake_04
5519	easter22_churn_wheel_squeak_02
5520	easter22_wood_crate_creak_05
5521	easter22_crate_spawn_falling_first_impact_02
5522	easter22_crate_exclaim_despawn_02
5523	easter22_crate_despawn_question_03
5524	easter22_crate_survery_first_move_02
5525	easter22_crate_shake_05
5526	easter22_crate_exclaim_despawn_03
5527	easter22_wood_crate_creak_03
5528	easter22_wood_crate_creak_02
5529	easter22_wood_crate_creak_06
5530	easter22_crate_exclaim_despawn_05
5531	easter22_squeeze_kebab_through_hole_01
5532	easter22_churn_wheel_05
5533	easter22_clean_vat_02
5534	easter22_crate_shake_02
5535	easter22_churn_wheel_04
5536	easter22_squeeze_kebab_through_hole
5537	easter22_crate_survery_second_move_04
5538	easter22_crate_spawn_falling_first_impact_01
5539	easter22_churn_wheel_03
5540	easter22_crate_survery_third_move_03
5541	easter22_crate_exclaim_01
5542	easter22_crate_despawn_question_02
5543	easter22_crate_spawn_falling_crate
5544	easter22_crate_survery_first_move_04
5545	easter22_crate_survery_first_move_03
5546	easter22_churn_wheel_07
5547	easter22_finding_wheel_vat
5548	easter22_rabbit_scratch_jump_01
5549	easter22_churn_wheel_squeak_01
5550	easter22_crate_survery_impact_01
5551	easter22_crate_exclaim_02
5552	easter22_crate_spawn_falling_second_impact_02
5553	easter22_churn_wheel_06
5554	easter22_crate_survery_second_move_02
5555	easter22_crate_survery_first_move_01
5556	easter22_wood_crate_creak_04
5557	easter22_biting_ice_crunch
5558	easter22_crate_exclaim_despawn_07
5559	easter22_biting_ice_crunch_01
5560	easter22_churn_wheel_01
5561	easter22_crate_survery_second_move_01
5562	easter22_crate_shake_01
5563	easter22_churn_wheel_02
5564	easter22_crate_spawn_falling_second_impact_03
5565	easter22_crate_exclaim_03
5566	easter22_rabbit_scratch_ear_04
5567	easter22_crate_despawn_question_01
5568	easter22_crate_exclaim_04
5569	easter22_create_churn_device
5570	easter22_crate_spawn_falling_crate_01
5571	easter22_crate_exclaim_despawn_04
5572	easter22_rabbit_scratch_ear_02
5573	easter22_crate_exclaim_despawn_01
5574	easter22_crate_question
5575	easter22_clean_vat_01
5576	easter22_crate_survery_second_move_03
5577	easter22_rabbit_scratch_ear_03
5578	bcs_put_urn_01
5579	bcs_spirit_sfx_03
5580	bcs_spirit_loop_02
5581	bcs_find_key_01
5582	bcs_door_unlock_01
5583	bcs_spirit_sfx_01
5584	bcs_spirit_sfx_02
5585	bcs_akh_spawn_02
5586	bcs_akh_darkness_01
5587	bcs_akh_shadow_02
5588	bcs_rumble_layer_01
5589	bcs_rumble_01
5590	bcs_give_lily_01
5591	shadow_barrage_impact_short
5592	contact_special_spell
5593	contact_rift_fade
5594	contact_rift_spell
5595	contact_shadow_spell
5596	contact_summon_spell
5597	contact_rift_erupt
5598	contact_extinguish
5599	contact_spell_charge
5600	sg_grindstone_loop
5601	sg_hammer_tool_hit
5602	sg_polishwheel_loop
5603	sg_big_hammer_hit
5604	sg_grindwheel_tool_grind
5605	sg_crucible_pour_start
5606	sg_grindstone_repair
5607	sg_crucible_pour_end
5608	sg_polishwheel_tool_polish
5609	pride22_magic_05
5610	pride22_magic_04
5611	pride22_magic_02
5612	pride22_magic_06
5613	pride22_magic_03
5614	pride22_magic_01
5617	grim_piano_fsharp4
5619	grim_piano_fsharp5
5620	grim_piano_dsharp4
5621	grim_piano_csharp4
5624	grim_piano_dsharp5
5625	grim_piano_csharp5
5626	grim_piano_gsharp5
5629	grim_piano_gsharp4
5630	grim_piano_asharp5
5633	grim_piano_asharp4
5635	toa_akka_symbol_glow_03_higher_pitched_01
5636	toa_akka_melee_sword_scream_04
5637	toa_akka_attack_magic_02_spear_portal_open_01
5638	toa_akka_weapon_spawn_02
5639	toa_akka_death_02
5640	toa_akka_non_magic_knife_projectile_01
5641	toa_akka_attack_magic_spear_stand_movement_02
5642	toa_akka_arrack_magic_sword_catch_01
5643	toa_akka_ranged_spear_low_end_movement_09
5644	toa_akkha_shadow_lightning_01
5645	toa_akkha_shadow_lightning_02
5646	toa_akkha_shadow_burn_sound_01
5647	toa_akka_attack_magic_01_spear_portal_close_01
5648	toa_akka_melee_sword_metallic_woosh_03
5649	toa_akka_ranged_spear_hand_spin_01
5650	toa_akka_spawn_01
5651	toa_akka_step_03
5652	toa_akka_attack_magic_spear_first_spear_movement_01
5653	toa_akka_melee_sword_woosh_02
5654	toa_alla_teleport_disappear_spear_02
5655	toa_akka_knife_projectile_01
5656	npc_akkha_melee_spear_first_movement_02
5657	toa_akka_melee_spear_strike_scream_01
5658	toa_akka_melee_spear_strike_metal_sound_03
5659	toa_akka_attack_stomp_02
5660	toa_akka_melee_sword_woosh_01
5661	toa_akka_ranged_spear_catch_04
5662	npc_akkha_symbol_glow_01
5663	toa_akka_step_04
5664	toa_akka_attack_magic_01_spear_throw_up_02
5665	toa_akka_death_03
5666	toa_akka_attack_magic_01_spear_throw_down_synth_02
5667	toa_akka_symbol_glow_04
5668	toa_akka_ranged_spear_first_spin_09
5669	toa_akka_attack_magic_spear_first_spear_movement_02
5670	toa_alla_teleport_disappear_spear_04
5671	npc_akkha_melee_spear_low_swoosh_01
5672	toa_akka_melee_sword_woosh_03
5673	toa_akka_step_021
5674	toa_akka_death_04
5675	toa_akkha_scatter_darkness_hiss_01
5676	toa_akka_ranged_spear_first_spin_03
5677	toa_akka_attack_magic_spear_circle_close_03
5678	toa_akka_ranged_spear_catch_05
5679	toa_akka_magic_knife_projectile_01
5680	toa_akka_attack_magic_01_spear_throw_down_synth_06
5681	toa_akka_ranged_spear_first_spin_04
5682	toa_akka_attack_magic_01_spear_catch_01
5683	toa_akka_attack_magic_03_spear_portal_close_02
5684	toa_akka_attack_magic_01_spear_throw_down_synth_04
5685	toa_akka_ranged_spear_low_end_movement_04
5686	toa_akka_ranged_spear_low_end_movement_05
5687	toa_akka_death_teleport_swoosh_01
5688	toa_akkha_defend_01
5689	toa_akka_attack_magic_01_spear_portal_open_02
5690	toa_akka_attack_magic_spear_first_spear_movement_03
5691	toa_akka_knife_projectile_02
5692	toa_akka_death_teleport_swoosh_02
5693	toa_akka_ranged_sword_first_spin_02
5694	toa_alla_teleport_appear_spear_05
5695	toa_akka_melee_sword_scream_05
5696	toa_alla_teleport_appear_spear_04
5697	toa_akka_melee_sword_scream_02
5698	toa_akka_ranged_spear_first_spin_01
5699	toa_akka_attack_stomp_03
5700	toa_akka_symbol_glow_02
5701	npc_akkha_melee_spear_swoosh_02
5702	toa_alla_teleport_disappear_spear_03
5703	toa_akka_attack_stomp_movement_02
5704	toa_akka_attack_magic_sword_spin_01
5705	toa_akka_attack_magic_01_spear_throw_down_synth_03
5706	toa_akka_ranged_spear_catch_01
5707	toa_akka_ranged_spear_low_end_movement_07
5708	toa_akka_knife_projectile_03
5709	toa_akka_ranged_spear_hand_spin_03
5710	toa_akka_melee_spear_strike_01
5711	toa_akkha_footstep_left_02
5712	toa_akka_melee_spear_strike_scream_02
5713	toa_alla_teleport_appear_spear_02
5714	npc_akkha_melee_spear_swish_01
5715	toa_akka_ranged_sword_spin_01
5716	toa_akka_attack_magic_spear_03
5717	toa_akka_ranged_spear_low_end_movement_14
5718	toa_akka_ranged_spear_catch_03
5719	npc_akkha_melee_spear_dist_swoosh_01
5720	stringy_sound
5721	toa_akka_ranged_spear_first_spin_07
5722	toa_akkha_black_orb_spawn_02
5723	toa_akka_attack_magic_spear_abstract_movement_01
5724	toa_akkha_black_orb_spawn_01
5725	npc_akkha_melee_spear_swipe_01
5726	toa_akkha_shadow_darkness_01
5727	toa_akkha_scatter_across_area_05
5728	toa_akka_attack_magic_01_spear_throw_down_synth_05
5729	toa_akka_ranged_sword_first_spin_01
5730	toa_akka_attack_magic_spear_circle_close_02
5731	toa_akka_ranged_spear_first_spin_02
5732	toa_akka_melee_spear_strike_metal_sound_01
5733	toa_akka_melee_sword_woosh_04
5734	toa_akka_ranged_spear_low_end_movement_06
5735	toa_akkha_unstable_orb_impact_01
5736	toa_akka_ranged_spear_low_end_movement_03
5737	toa_akka_melee_sword_strike_02
5738	toa_akka_ranged_spear_low_end_movement_08
5739	toa_alla_teleport_appear_spear_01
5741	toa_akka_attack_magic_sword_abstract_movement_01
5742	toa_akka_attack_stomp_01
5743	npc_akkha_melee_spear_first_movement_04
5744	toa_alla_teleport_appear_spear_03
5745	toa_akkha_scatter_attack_impact_01
5746	toa_akka_attack_magic_spear_stand_movement_01
5747	toa_akka_melee_sword_scream_01
5748	npc_akkha_melee_spear_footstep_01
5749	npc_akkha_melee_spear_first_movement_high_pitch_01
5750	toa_akkha_footstep_left_01
5751	npc_akkha_melee_spear_first_movement_03
5752	toa_akka_melee_spear_strike_metal_sound_02
5753	toa_akka_attack_magic_01_spear_throw_down_synth_01
5754	toa_akka_knife_projectile_04
5755	toa_akka_ranged_sword_first_movement_01
5756	toa_akka_ranged_spear_first_spin_05
5757	toa_akka_attack_magic_01_spear_portal_open_01
5758	npc_akkha_melee_spear_first_movement_01
5759	toa_akka_attack_stomp_05
5760	toa_akka_attack_stomp_04
5761	toa_akka_attack_magic_01_spear_portal_close_02
5762	toa_akka_attack_magic_01_spear_throw_up_01
5763	npc_akkha_melee_spear_first_movement_05
5764	toa_akka_attack_magic_spear_circle_close_01
5765	toa_akka_knife_projectile_07
5766	toa_akka_attack_magic_spear_sounds_01
5767	toa_akka_symbol_glow_01
5768	toa_akka_attack_magic_01_spear_portal_close_03
5769	toa_akka_melee_sword_metallic_woosh_01
5770	toa_akka_knife_projectile_06
5771	toa_akka_teleport_appear_spear_08
5772	toa_akka_ranged_spear_first_spin_08
5773	toa_akka_teleport_appear_spear_07
5774	toa_akka_projectle_impact_01
5775	toa_akka_ranged_spear_low_end_movement_12
5776	toa_akkha_footstep_right_02
5777	toa_akka_ranged_spear_first_spin_06
5778	toa_akka_ranged_spear_first_spin_11
5779	toa_akkha_scatter_across_area_03
5780	toa_akka_step_01
5781	toa_akka_attack_magic_spear_01
5782	toa_akka_ranged_spear_low_end_movement_02
5783	toa_akka_ranged_spear_first_spin_12
5784	toa_akka_ranged_spear_low_end_movement_13
5785	toa_akka_ranged_spear_hand_spin_02
5786	toa_akka_ranged_spear_first_spin_10
5787	toa_akka_attack_stomp_movement_01
5788	npc_akkha_melee_spear_first_movement_06
5789	toa_akkha_scatter_across_area_06
5790	toa_akka_death_teleport_swoosh_03
5791	toa_akka_knife_projectile_05
5792	npc_akkha_melee_spear_swoosh_01
5793	toa_akka_ranged_spear_low_end_movement_11
5794	toa_akka_attack_magic_03_spear_portal_close_01
5795	toa_akka_attack_magic_spear_catch_01
5796	toa_akka_melee_sword_metallic_woosh_02
5797	toa_akka_melee_spear_strike_high_end_01
5798	toa_akkha_scatter_across_area_02
5799	toa_akka_magic_knife_projectile_02
5800	toa_akka_teleport_appear_spear_06
5801	toa_akka_melee_sword_scream_03
5802	toa_akkha_scatter_across_area_01
5803	toa_akkha_scatter_across_area_04
5804	toa_akka_attack_magic_spear_02
5805	toa_akkha_footstep_right_01
5806	toa_akka_ranged_sword_first_movement_02
5807	toa_akka_attack_magic_sword_abstract_movement_02
5808	toa_alla_teleport_disappear_spear_01
5809	toa_akka_death_01
5810	toa_akka_ranged_spear_catch_02
5811	toa_akka_magic_attack_spear_into_ground
5812	toa_akkha_ice_rush_01
5813	toa_akka_ranged_spear_hand_spin_04
5814	toa_akka_ranged_spear_low_end_movement_10
5815	toa_akka_weapon_spawn_01
5816	toa_akka_melee_spear_strike_02
5817	toa_akka_ranged_spear_low_end_movement_01
5818	toa_zebak_ranged_enranged_roar_01
5819	toa_zebak_whoosh_projectile_02
5820	toa_zebak_enraged_projectile_01
5821	toa_zebak_attack_special_final_hand_impact_01
5822	toa_zebak_attack_melee_jaw_snap_shut_01
5823	toa_zebak_red_projectile_04
5824	toa_zebak_death_first_floor_hit_02
5825	toa_zebak_purple_projectile_01
5826	toa_zebak_whoosh_projectile_01
5827	toa_zebak_death_second_roar_01
5828	toa_zebak_red_projectile_01
5829	toa_zebak_roar_single_tremor_01
5831	toa_zebak_vomit_colours_projectile_01
5832	toa_zebak_tidal_wave_01
5833	toa_zebak_death_stutter_roar_03
5834	toa_zebak02_tail_impact_02
5835	toa_zebak_attack_hand_stomp_left_01
5836	toa_zebak_attack_roar_05
5837	leagues_5_npc_contanct_large_face_talk_03
5838	toa_zebak_attack_roar_bass_02
5839	toa_zebak_tidal_wave_10s_03
5840	toa_zebak_vomit_colours_projectile_06
5841	toa_zebak_death_roar_06
5842	toa_zebak_roar_tremor_03
5843	toa_zebak_fallling_rocks_water_impact_01
5844	toa_zebak_attack_melee_high_roar_02
5845	toa_zebak_attack_hand_stomp_01
5846	toa_zebak_attack_melee_high_hand_hit_02
5847	toa_zebak02_tail_swing_01
5848	toa_zebak_vomit_colours_projectile_08
5849	toa_zebak_purple_projectile_02
5850	toa_zebak_attack_melee_enranged_jaw_snap_01
5851	toa_zebak_attack_hand_stomp_final_01
5852	toa_zebak_tidal_wave_7600ms_01
5853	toa_zebak_attack_melee_jaw_snap_shut_02
5854	toa_zebak_attack_roar_impact_01
5855	toa_zebak_fallling_rocks_01
5856	toa_zebak_death_stutter_roar_01
5857	toa_zebak_attack_melee_enranged_roar_01
5858	toa_zebak_attack_special_intro_growl_01
5859	toa_zebak02_tail_impact_01
5860	toa_zebak_attack_hand_stomp_first_01
5861	toa_zebak_attack_special_roar_01
5862	toa_zebak_ranged_roar_02
5863	toa_zebak_attack_jaw_shut_01
5864	toa_zebak_tidal_wave_10s_04
5865	toa_zebak_jug_break_01
5866	toa_zebak_attack_tail_growl_01
5867	toa_zebak_object_land_01
5868	toa_zebak_death_second_floor_hit_01
5869	toa_zebak_jug_break_02
5870	toa_zebak_attack_roar_high_01
5871	toa_zebak_neutral_projectile_01
5872	toa_zebak_ranged_roar_01
5873	toa_zebak_death_stutter_roar_04
5874	toa_zebak_vomit_colours_projectile_03
5875	toa_zebak_ranged_projectile_01
5876	toa_zebak_attack_melee_roar_01
5877	toa_zebak_vomit_colours_projectile_02
5878	toa_zebak_redirected_jug_break_01
5879	toa_zebak_death_roar_05
5880	toa_zebak_fallling_rocks_water_splash_01
5881	toa_zebak_roar_single_tremor_02
5882	toa_zebak_falling_rocks_sweep_01
5883	toa_zebak_vomit_colours_projectile_09
5884	toa_zebak_projectile_impact_01
5885	toa_zebak_ranged_enranged_gulp_02
5886	toa_zebak_red_projectile_02
5887	toa_zebak_vomit_colours_projectile_splat_02
5888	toa_zebak_roar_single_tremor_03
5889	toa_zebak02_final_tail_swing_01
5890	toa_zebak_neutral_projectile_02
5891	toa_zebak_vomit_colours_projectile_04
5892	toa_zebak_red_projectile_03
5893	toa_zebak_death_first_floor_hit_01
5894	toa_zebak_attack_roar_01
5895	toa_zebak_attack_melee_high_hand_hit_01
5896	toa_zebak_redirected_projectile_02
5897	toa_zebak_ranged_enranged_gulp_01
5898	toa_zebak_death_second_floor_hit_02
5899	toa_zebak_vomit_colours_projectile_splat_01
5900	toa_zebak_attack_roar_04
5901	toa_zebak_redirected_projectile_01
5902	toa_zebak_attack_roar_02
5903	toa_zebak_attack_melee_high_hand_hit_03
5904	toa_zebak_attack_roar_high_02
5905	toa_zebak_object_land_02
5906	toa_zebak_ranged_projectile_02
5907	toa_zebak_death_first_roar_01
5908	toa_zebak_vomit_colours_projectile_10
5909	toa_zebak_vomit_colours_projectile_splat_03
5910	toa_zebak_attack_roar_03
5911	toa_zebak_roar_tremor_01
5912	toa_zebak_roar_tremor_02
5913	toa_zebak_debris_impact_01
5914	toa_zebak_vomit_colours_projectile_05
5915	toa_zebak_attack_melee_high_roar_01
5916	toa_zebak_attack_melee_high_hand_hit_high_pitch_01
5917	toa_zebak_attack_melee_enranged_roar_02
5918	toa_zebak_death_stutter_roar_02
5919	toa_zebak_ranged_swallow_01
5920	toa_zebak_tidal_wave_10s_02
5921	toa_zebak02_tail_swing_02
5922	toa_zebak_attack_tail_roar_01
5923	toa_zebak_attack_roar_bass_01
5924	toa_loot_reveal_02
5925	toa_loot_inv_01
5926	toa_loot_chest_slide_02
5927	toa_loot_purple_flame_loop_01
5928	toa_loot_reveal_03
5929	toa_loot_purple_flame_loop_02
5930	toa_loot_chest_turn_02
5931	toa_loot_purple_flame_loop_03
5932	toa_loot_chest_slide_03
5933	toa_loot_orb_02
5934	toa_loot_chest_open_01
5935	toa_loot_chest_turn_01
5936	toa_loot_purple_flame_loop_06
5937	toa_loot_orb_01
5938	toa_loot_reveal_01
5939	toa_loot_chest_slide_04
5940	toa_loot_gem_01
5941	toa_loot_lightbearer_01
5942	toa_loot_orb_03
5943	toa_baba_spawn_boss_roar_01
5944	toa_mandrill_attack_melee_scratch_high_pitch
5945	toa_baba_spawn_movement_part1_01
5946	toa_small_mandrill_attack_ranged_landing_impact_02
5947	toa_baba_spawn_boss_footstep_03
5948	toa_small_mandrill_attack_ranged_landing_impact_03
5949	toa_baba_circular_rocks_falling_01
5950	toa_baba_footstep_backwards_left_01
5951	toa_small_mandrill_attack_ranged_roar_02_01
5952	toa_baba_attack_special_jump_part2_01
5953	toa_baba_spawn_roar_01
5954	toa_mandrill_attack_melee_scratch_04
5955	toa_baba_attack_special_throw_grey_rocks_01
5956	toa_big_mandrill_attack_ranged_throw_04
5957	toa_mandrill_despawn_monkey_call_01
5958	toa_mandrill_attack_melee_scratch_03
5959	toa_human_knockdown_fall_impact_01
5960	toa_big_baba_boulder_travel_01
5961	toa_baba_spawn_land_step_part2_01
5962	toa_baba_attack_melee_movement_01
5963	toa_small_mandrill_attack_ranged_throw_02
5964	toa_small_mandrill_attack_ranged_roar_02_05
5965	toa_baba_footstep_left_01
5966	toa_baba_spawn_roar_03
5967	toa_mandrill_attack_ranged_roar_01
5968	toa_small_mandrill_despawn_roar_01
5969	toa_small_mandrill_despawn_run_away_whimper_01
5970	toa_baba_spawn_movement_fall_woosh_02
5971	toa_small_mandrill_attack_ranged_landing_impact_04
5972	toa_baba_shockwave_gas_01
5973	toa_small_mandrill_attack_ranged_landing_impact_01
5974	toa_bigl_mandrill_attack_ranged_throw_03
5975	toa_human_knockdown_fall_movement_01
5976	toa_mandrill_attack_melee_scratch_high_pitch_01
5977	toa_mandrill_defend_01
5978	toa_baba_attack_melee_high_pitched_tone_01
5979	toa_mandrill_attack_melee_roar_03
5980	toa_baba_footstep_right_01
5981	toa_baba_falling_small_grey_rocks_01
5982	toa_big_mandrill_attack_ranged_second_roar_01
5983	toa_small_mandrill_attack_ranged_roar_02_03
5984	toa_mandrill_attack_melee_roar_05
5985	toa_small_mandrill_attack_ranged_roar_02_04
5986	toa_baba_spawn_landing_impact_01
5987	toa_baba_throw_junk_impact_01
5988	toa_mandrill_despawn_monkey_grab_rock2_01
5989	toa_small_mandrill_attack_special_footstep1_01
5990	toa_mandrill_attack_melee_strike_01
5991	toa_mandrill_attack_melee_scratch_02
5992	toa_big_mandrill_attack_ranged_second_roar_03
5993	toa_baba_attack_special_jump_part1_01
5994	toa_mandrill_despawn_monkey_jump_01
5995	toa_mandrill_attack_melee_scratch_01
5996	toa_big_mandrill_attack_ranged_throw_01
5997	toa_small_mandrill_attack_ranged_throw_01
5998	toa_mandrill_attack_magic_proj_01
5999	toa_baba_spawn_roar_02
6000	toa_big_mandrill_attack_ranged_throw_05
6001	toa_big_mandrill_attack_ranged_throw_02
6002	toa_mandrill_attack_magic_roar_01
6003	toa_baba_spawn_movement_fall_woosh_01
6004	toa_mandrill_attack_melee_scratch_high_pitch_02
6005	toa_big_mandrill_attack_ranged_second_roar_02
6006	toa_small_mandrill_attack_ranged_roar_02_06
6007	toa_baba_spawn_boss_first_movement_01
6008	toa_baba_spawn_boss_footstep_01
6009	toa_mandrill_attack_melee_roar_04
6010	toa_baba_spawn_land_step_part1_01
6011	toa_small_mandrill_attack_ranged_throw_03
6012	toa_baba_attack_special_land2_01
6013	toa_baba_spawn_movement_part1_02
6014	toa_baba_circular_rocks_impact_01
6015	toa_baba_attack_special_land1_01
6016	toa_mandrill_attack_melee_roar_02
6017	toa_baba_defend_01
6018	toa_baba_attack_melee_roar_01
6019	toa_baba_footstep_backwards_01
6020	toa_big_mandrill_attack_ranged_body_movement_01
6021	toa_big_mandrill_attack_ranged_body_movement_02
6022	toa_small_mandrill_attack_special_footstep2_01
6023	toa_baba_throw_junk_woosh_01
6024	toa_mandrill_despawn_monkey_grab_rock1_01
6025	toa_baba_spawn_boss_footstep_02
6026	toa_baba_footstep_backwards_right_01
6027	toa_baba_spawn_boss_second_movement_01
6028	toa_mandrill_attack_range__throw_woosh_01
6029	toa_mandrill_attack_melee_roar_01
6030	toa_small_mandrill_attack_ranged_02_01
6031	toa_attack_special_baba_scraping_floor_01
6032	toa_small_mandrill_attack_ranged_roar_02_02
6033	toa_human_boulder_impact_01
6034	toa_wardens_charge_engage_high_pitch_02
6035	toa_wardens_death_head_falling_sweep_01
6036	toa_wardens_release_whoosh_movement_01
6037	toa_wardens_wake_up_first_footstep_01
6038	toa_wardens_staggers_whoosh_01
6039	toa_wardens_high_whish_01
6040	toa_wardens_explosion01_body_first_debris_01
6041	toa_wardens_walk_step1_01
6042	toa_wardens_enranged_shaking_02
6043	toa_wardens_wake2_magic_spotanim_particle_movement2_01
6044	toa_wardens_full_wind2_01
6045	toa_wardens_wake_up_first_leg_break_free_01
6046	toa_wardens_attackleft_charge_up_01
6047	toa_wardens_death_arm_crumble_01
6048	toa_wardens_low_whoosh_01
6049	toa_wardens_death_full_body_impact_01
6050	toa_wardens_walk_step2_02
6051	toa_wardens_amascut_despawn_03
6052	toa_wardens_wake_staccato_01
6053	toa_wardens_melee_sword_strike_01
6054	toa_wardens_death_strong_second_wind_01
6055	toa_wardens_obelisk_red_thunder_projectile_fall_impact_02
6056	toa_wardens_walk_step1_03
6057	toa_wardens_tiles_impact_centre_01
6058	toa_wardens_death_second_fly_back_01
6059	toa_wardens_death_body_crumbling_02
6060	toa_wardens_death_body_fall_02
6061	toa_wardens_wake2_magic_spotanim_particles_combined_percussive_01
6062	toa_wardens_ground_tile_fly_02
6063	toa_wardens_amascut_despawn_02
6064	toa_wardens_death_head_fall_impact_01
6065	toa_wardens_thunder_impact_01
6066	toa_wardens_tiles_impact_centre_02
6067	toa_wardens_range_slash_01
6068	toa_wardens_death_failed_punch_01
6069	toa_wardens_attackcentre_chargeup_01
6070	toa_wardens_red_projectiles_01
6071	toa_wardens_wake_up_leg_jerk_04
6072	toa_wardens_charge_engage_whoosh_01
6073	toa_wardens_big_red_projectile_impact_01
6074	toa_wardens_death_failed_punch_02
6076	toa_wardens_melee_swoosh_impact_02
6077	toa_wardens_magic_ceiling_lights_despawn_01
6078	toa_wardens_release_particles_appear_01
6079	toa_wardens_red_thunder_04
6080	toa_wardens_death_first_footstep_01
6081	toa_wardens_obelisk_ignite_01
6082	toa_wardens_death_grab_floor_01
6083	toa_wardens_destroy_core_from_warnden_01
6084	toa_wardens_explosion_arm_throw_back_01
6085	toa_wardens_wake2_magic_spotanim_particle_movement1_01
6086	toa_wardens_stomp_body_movement_01
6087	toa_wardens_skulls_travel_01
6088	toa_wardens_melee_whoosh_02
6089	toa_wardens_wake_up_leg_jerk_06
6090	toa_wardens_death_body_fall_01
6091	toa_wardens_wake_up_second_leg_break_free_01
6092	toa_wardens_red_tille_quarter_whoosh_01
6093	toa_wardens_attack_throw_whoosh_02
6094	toa_wardens_death_first_grab_floor_01
6095	toa_wardens_melee_swoosh_high_impact_02
6096	toa_wardens_walk_ste1_01
6097	toa_wardens_magic_ceiling_lights_01
6098	toa_wardens_amascut_despawn_01
6099	toa_wardens_attackcentre_whoosh_01
6100	toa_wardens_charge_engage_01
6101	toa_wardens_wake_up_last_leg_movement_01
6102	toa_wardens_red_thunder_03
6103	toa_wardens_range_projectile_04
6104	toa_wardens_kneel_first_hit_floor_01
6105	toa_wardens_attackcentre_quicker_whoosh_01
6106	toa_wardens_red_thunder_05
6107	toa_wardens_enraged_strong_wind3_01
6108	toa_wardens_attackcentre_quikcer_chargeup_01
6109	toa_wardens_nice_rock_debris_sound_explosion
6110	toa_wardens_staggers_fall_back_impact_01
6111	toa_wardens_melee_whoosh_03
6112	toa_wardens_attackcentre_quicker_chargeup_01
6113	toa_wardens_death_falls_to_knees_01
6114	toa_wardens_standup_movement_02
6115	toa_wardens_staggers_particles_appear_01
6116	toa_wardens_enrage_lightning_01
6117	toa_wardens_explosion01_body_final_debris_01
6118	toa_wardens_attack_throw_whoosh_03
6119	toa_wardens_big_red_projectile_spawn_and_travel_01
6120	toa_wardens_tiles_clicks_01
6121	toa_wardens_obelisk_red_thunder_projectile_fall_impact_01
6122	toa_wardens_explosion01_body_final_debris_02
6123	toa_wardens_melee_swoosh_impact_04
6124	toa_wardens_enraged_tile_swoosh_03
6125	toa_wardens_death_arm_crumble_03
6126	toa_wardens_range_prep_03
6127	toa_wardens_death_final_rock_crumble_01
6128	toa_wardens_single_tile_sweep_01
6129	toa_wardens_tiles_impact_right_02
6130	toa_wardens_wake_up_leg_jerk_01
6131	toa_wardens_obelisk_power_down_phase1_end_01
6133	toa_wardens_woke_rock_movement_2_01
6134	toa_wardens_attack_centre_bass_01
6135	toa_wardens_square_thunder4_01
6136	toa_wardens_range_high_whiish_01
6137	toa_wardens_death_strong_third_wind_01
6138	toa_wardens_magic_projectile_01
6139	toa_wardens_range_prep_02
6140	toa_wardens_walk_step2_01
6141	toa_wardens_explosion01_final_body_impact_01
6142	toa_wardens_wake2_impact_magic_spotanim_whoosh_01
6143	toa_wardens_full_wind1_01
6144	toa_wardens_range_smack_01
6145	toa_wardens_single_tile_sweep_impact_thunder_01
6146	toa_wardens_range_low_whoosh_01
6147	toa_wardens_red_thunder_09
6148	toa_wardens_small_red_projectile_falling_01
6149	toa_wardens_death_failed_arm_thrust_01
6150	toa_wardens_wake_up_third_footstep_01
6151	toa_wardens_tiles_impact_left_02
6152	toa_wardens_ground_tile_fly_01
6153	toa_wardens_enraged_tile_swoosh_02
6154	toa_wardens_melee_whoosh_01
6155	toa_wardens_wake2_magic_spotanim_particle_movement3_01
6156	toa_wardens_range_projectile_01
6157	toa_wardens_release_particles_appear_02
6158	toa_wardens_red_thunder_06
6159	toa_wardens_blue_orb_landing_01
6160	toa_wardens_enraged_strong_wind1_01
6161	toa_wardens_impact_body_movement_01
6162	toa_wardens_enranging_charge_01
6163	toa_wardens_range_projectile_03
6164	toa_wardens_red_thunder_08
6165	toa_wardens_range_projectile_02
6166	toa_wardens_walk_step1_02
6167	toa_wardens_wake_up_leg_break_free_01
6168	toa_wardens_charge_particles_movement_01
6169	toa_wardens_woke_rock_movement_1_01
6170	toa_wardens_wake_up_leg_jerk_05
6171	toa_wardens_death_final_rock_crumble_02
6172	toa_wardens_explosion01_body_debris_03
6173	toa_wardens_amascut_despawn_05
6174	toa_wardens_red_thunder_02
6175	toa_wardens_wake02_slow_rising_head_shake_01
6176	toa_wardens_charge_engage_high_pitch_01
6177	toa_wardens_melee_footstep_01
6178	toa_wardens_wake_up_second_footstep_01
6179	toa_wardens_tiles_central_ripple_01
6180	toa_wardens_explosion01_rocks_falling_01
6181	toa_wardens_attack_throw_whoosh_01
6182	toa_wardens_square_thunder1_01
6183	toa_wardens_staggered_orb_hit_warden_01
6184	toa_wardens_explosion01_body_debris_01
6185	toa_wardens_woke_awakening_01
6186	toa_wardens_red_thunder_11
6187	toa_wardens_death_arm_crumble_02
6188	toa_wardens_head_falls_off_01
6189	toa_wardens_enranging_power_up_01
6190	toa_wardens_wake_up_leg_jerk_07
6191	toa_wardens_thunder_travelling_warden_01
6192	toa_wardens_attackleft_charge_up_quicker_02
6193	toa_wardens_enranged_shaking_01
6194	toa_wardens_kneel_movement1_01
6195	toa_wardens_obelisk_destroyed_01
6196	toa_wardens_wake2_shaking_scream_01
6197	toa_wardens_tiles_clicks_02
6198	toa_wardens_wake_up_first_leg_break_free_02
6199	toa_wardens_death_strong_wind_01
6200	toa_wardens_release_movement_02
6201	toa_wardens_core_land_impact_01
6202	toa_wardens_release_movement_01
6203	toa_wardens_red_thunder_01
6204	toa_wardens_wake_up_leg_jerk_02
6205	toa_wardens_wake_up_power_01
6206	toa_wardens_explosion01_body_debris_02
6207	toa_wardens_charge_particles_movement_02
6208	toa_wardens_release_whoosh_movement_03
6209	toa_wardens_death_second_footstep_01
6210	toa_wardens_standup_movement_01
6211	toa_wardens_death_body_breaks_from_hand_01
6212	toa_wardens_explosion01_rocks_falling_05
6213	toa_wardens_charge_arm_spread_01
6214	toa_wardens_death_standup_step_01
6215	toa_wardens_staggers_dizzy_01
6216	toa_wardens_enraged_strong_wind2_01
6217	toa_wardens_release_whoosh_movement_02
6218	toa_wardens_explosion01_rocks_falling_03
6219	toa_wardens_enraged_tile_swoosh_04
6220	toa_wardens_wake2_magic_spotanim_particles_shot_01
6221	toa_wardens_range_high_whish_01
6222	toa_wardens_kneel_core_projectile_01
6223	toa_wardens_red_thunder_07
6224	toa_wardens_range_start_01
6225	toa_wardens_core_heartbeat_01
6226	toa_wardens_wake2_magic_spotanim_particles_combined_01
6227	toa_wardens_explosion01_rocks_falling_02
6228	toa_wardens_wake2_body_rising_01
6229	toa_wardens_death_strong_fourth_wind_01
6230	toa_wardens_phase3_red_projectiles_01
6231	toa_wardens_melee_swoosh_impact_01
6232	toa_wardens_death_body_crumbling_01
6233	toa_wardens_red_thunder_10
6234	toa_wardens_square_thunder3_01
6235	toa_wardens_attackcentre_arm_impact_01
6236	toa_wardens_magic_charge_up_01
6237	toa_wardens_tiles_impact_right_01
6238	toa_wardens_range_prep_06
6239	toa_wardens_range_prep_05
6240	toa_wardens_death_failed_powerup_01
6241	toa_wardens_release_upwards_thurst_01
6242	toa_wardens_magic_shot_01
6243	toa_wardens_staggered_impact_01
6244	toa_wardens_wake02_slow_rising_01
6245	toa_wardens_death_head_slides_off
6246	toa_wardens_standup_weapons_prep_02
6247	toa_wardens_enraged_tile_swoosh_01
6248	toa_wardens_kneel_movement2_01
6249	toa_wardens_wake_up_leg_stuck_01
6250	toa_wardens_kneel_core_projectile_02
6251	toa_wardens_death_fly_back_01
6252	toa_wardens_explosion01_rocks_falling_04
6253	toa_wardens_amascut_despawn_04
6254	toa_wardens_stomp_01
6255	toa_wardens_tiles_impact_left_01
6256	toa_wardens_square_thunder2_01
6257	toa_wardens_range_projectile_impact_01
6258	toa_wardens_red_waves_01
6259	toa_wardens_wake_up_leg_jerk_03
6260	toa_wardens_obelisk_red_thunder_projectile_falling_01
6261	toa_wardens_wake2_magic_spotanim_particles_fly_away_01
6262	toa_wardens_death_high_wind_01
6263	toa_wardens_range_prep_04
6264	toa_wardens_kneel_shake_01
6265	toa_wardens_death_head_falling_to_knees_01
6266	toa_wardens_4_square_thunder_01
6267	toa_wardens_standup_weapons_prep_01
6268	toa_wardens_range_prep_01
6269	toa_water_drop_12
6270	toa_frog_08
6271	to_water_drop2_14
6272	toa_waterbubble_01
6273	toa_rumble_03
6274	toa_wind_03
6275	toa_gargle_07
6276	toa_water_drop2_04
6277	toa_water_drop_05
6278	toa_sand_09
6279	toa_water_drop2_11
6280	toa_frog_05
6281	toa_rocks_03
6282	toa_water_drop_09
6283	toa_water_drop2_05
6284	toa_insects_01
6285	toa_rocks_09
6286	toa_rocks_05
6287	toa_murmur_10
6288	toa_frog2_01
6289	toa_rumble_02
6290	toa_wind_04
6291	toa_bats_02
6292	toa_rumble_08
6293	toa_murmur_01
6294	toa_water_drop2_09
6295	toa_wind_07
6296	toa_insects_04
6297	toa_rattlesnake_05
6298	toa_insects_02
6299	toa_water_bubble_07
6300	toa_water_drop_14
6301	toa_rocks_04
6302	toa_gargle_04
6303	toa_rocks_07
6304	toa_bats_08
6305	toa_insects_08
6306	toa_gargle_02
6307	toa_water_bubble_06
6308	toa_murmur_02
6309	toa_water_drop2_15
6310	toa_sand_10
6311	toa_frog2_09
6312	toa_frog_09
6313	toa_rattlesnake_01
6314	toa_rocks_06
6315	toa_sand_03
6316	toa_water_drop_11
6317	toa_water_drop2_13
6318	toa_water_drop_13
6319	toa_rumble_05
6320	toa_bats_04
6321	toa_rattlesnake_04
6322	toa_frog2_07
6323	toa_water_bubble_02
6324	toa_frog_02
6325	toa_rocks_02
6326	toa_rumble_09
6327	toa_insects_06
6328	toa_sand_01
6329	toa_frog2_05
6330	toa_water_drop_16
6331	toa_rumble_01
6332	toa_insects_03
6333	toa_murmur_09
6334	toa_water_bubble_12
6335	toa_rumble_07
6336	toa_frog_07
6337	toa_frog_04
6338	toa_rocks_08
6339	toa_bats_01
6340	toa_water_drop_06
6341	toa_sand_04
6342	toa_water_bubble_10
6343	toa_insects_07
6344	toa_murmur_04
6345	toa_bats_06
6346	toa_gargle_03
6347	toa_sand_07
6348	toa_wind_02
6349	toa_water_bubble_03
6350	toa_wind_01
6351	toa_water_drop2_12
6352	toa_gargle_06
6353	toa_sand_02
6354	toa_wind_09
6355	toa_murmur_06
6356	toa_sand_05
6357	toa_insects_05
6358	toa_frog2_06
6359	toa_water_drop_04
6360	toa_water_bubble_09
6361	toa_frog2_04
6362	toa_frog_10
6363	toa_gargle_01
6364	toa_sand_06
6365	toa_insect_01
6366	toa_rumble_10
6367	toa_water_bubble_05
6368	toa_water_bubble_04
6369	toa_water_drop_10
6370	toa_water_bubble_08
6371	toa_frog_06
6372	toa_water_bubble_01
6373	toa_rattlesnake_03
6374	toa_wind_05
6375	toa_rocks_10
6376	toa_insects_10
6377	toa_bats_07
6378	toa_water_drop2_10
6379	toa_bats_03
6380	toa_insects_09
6381	toa_wind_06
6382	toa_frog2_08
6383	toa_gargle_05
6384	toa_rocks_01
6385	toa_rattlesnake_02
6386	toa_wind_08
6387	toa_water_bubble_11
6388	toa_sand_08
6389	toa_murmur_05
6390	toa_rumble_04
6391	toa_rattlesnake_06
6392	toa_murmur_08
6393	toa_bats_05
6394	toa_water_drop_15
6395	toa_murmur_03
6396	toa_wind_10
6397	toa_frog_01
6398	toa_rumble_06
6399	toa_frog2_02
6400	toa_murmur_07
6401	toa_frog_03
6402	toa_frog2_10
6403	toa_frog2_03
6404	toa_water_drop2_06
6405	toa_shadow_weapon_orb_01
6406	toa_keris_sun_03
6407	toa_keris_corruption_l2_02
6408	toa_keris_corruption_06
6409	toa_spell_tumeken_02
6410	toa_shadow_weapon_cast_fire_01
6411	toa_keris_corruption_05
6412	toa_shadow_weapon_orb_02
6413	toa_spell_corruption_02
6414	toa_keris_sun_01
6415	toa_spell_corruption_03
6416	toa_keris_corruption_04
6417	toa_kephri_small_scarab_death_01
6418	toa_kephri_attack_ranged_first_dung_roll_07
6419	toa_kephri_stunned_high_impact_01
6420	toa_kephri_special_attack_fly_up_01
6421	toa_kephri_turn_left_03
6422	toa_kephri_attack_ranged_strech_roll_01
6423	toa_kephri_scarab_flying_death_groan_01
6424	toa_kephri_scarab_flying_death_fly_away_01
6425	toa_kephri_ranged_scarab_fire_01
6426	toa_kephri_attack_ranged_back_dung_roll_07
6427	toa_kephri_melee_scarab_projectile_heal_01
6428	toa_kephri_scarab_flying_death_fly_second_away_01
6429	toa_kephri_turn_left_01
6430	toa_kephri_attack_ranged_first_stretch_01
6431	toa_mage_yellow_circle_01
6432	toa_kephri_dung_roll_02
6433	toa_kephri_stretch_left_02
6434	toa_kephri_dung_roll_04
6435	toa_kephri_fire_projectile
6436	toa_kephri_eggs_explode_01
6437	toa_kephri_turn_right_01
6438	toa_kephri_flying_scarab_flying_01
6439	toa_kephri_scarab_melee_attack_body_movement_01
6440	toa_kephri_attack_ranged_back_dung_roll_03
6441	toa_kephri_attack_ranged_first_dung_roll_05
6442	toa_kephri_attack_eggs_01
6443	toa_kephri_attack_ranged_last_stretch_01
6444	toa_kephri_dung_roll_01
6445	toa_kephri_attack_ranged_first_dung_roll_01
6446	toa_kephri_egg_land_impact_01
6447	toa_kephri_flying_scarab_projectile_01
6448	toa_kephri_special_attack_fly_up_05
6449	toa_kephri_dung_roll_03
6450	toa_kephri_claws_shut_01
6451	toa_kephri_attack_ranged_back_dung_roll_01
6452	toa_kephri_attack_ranged_first_dung_roll_03
6453	toa_kephri_attack_ranged_last_stretch_02
6454	toa_kephri_dung_stretch_01
6455	toa_kephri_attack_ranged_back_dung_roll_04
6456	toa_kephri_special_attack_fly_down_02
6457	toa_kephri_attack_ranged_first_dung_roll_06
6458	toa_kephri_attack_ranged_first_strech_01
6459	toa_kephri_special_attack_fly_up_02
6460	toa_kephri_stretch_left_01
6461	toa_kephri_death_03
6462	toa_kephri_absorb_swarm_01
6463	toa_kephri_special_attack_fly_down_01
6464	toa_kephri_special_attack_ground_impact_01
6465	toa_kephri_turn_right_03
6466	toa_kephri_stretch_01
6467	toa_kephri_special_attack_fly_up_06
6468	toa_kephri_special_attack_stretch_vox_01
6469	toa_kephri_attack_ranged_first_strech_roll_01
6470	toa_kephri_special_attack_fly_up_07
6471	toa_kephri_death_04
6472	toa_kephri_turn_left_02
6473	toa_mage_scarab_projecile_hit_01
6474	toa_kephri_special_attack_fly_up_03
6475	toa_kephri_fire_proj_impact_01
6476	toa_kephri_attack_ranged_back_dung_roll_02
6477	toa_kephri_attack_ranged_first_dung_roll_04
6478	toa_kephri_scarab_flying_death_long_fly_away_01
6479	toa_kephri_eggs_explode_death_01
6480	toa_kephri_special_attack_dung_impact_01
6481	toa_kephri_death_02
6482	toa_mage_scarab_teleport_01
6483	toa_kephri_eggs_spawn_travel_01
6484	toa_kephri_special_attack_fly_up_04
6485	toa_kephri_attack_ranged_first_dung_roll_02
6486	toa_mage_scarab_charge_07
6487	toa_kephri_attack_ranged_wings_01
6488	toa_kephri_turn_right_02
6489	toa_ui_makeparty_03
6490	toa_ui_refresh_10
6491	toa_crondis_water_lost
6492	toa_crondis_croc_spear_trap_spear_enter_06
6493	toa_crondis_croc_spear_trap_spear_expand_04
6494	toa_crondis_croc_spear_trap_spear_spikes_appear_01
6495	toa_crondis_green_tile_gas_01
6496	toa_crondis_croc_spear_trap_spear_expand_01
6497	toa_crondis_water_spill
6498	toa_crondis_croc_spear_trap_spear_retract_03
6499	toa_crondis_croc_spear_trap_spear_second_enter_02
6500	toa_crondis_croc_spear_trap_spear_enter_02
6501	toa_crondis_croc_spear_trap_spear_second_enter_01
6502	toa_crondis_croc_spear_trap_spear_retract_08
6503	toa_crondis_croc_projectile_01
6504	toa_crondis_mummy_death
6505	toa_crondis_croc_spear_trap_spear_retract_07
6506	toa_crondis_green_projectile_movement_02
6507	toa_crondis_croc_spear_trap_spear_woody_enter_01
6508	toa_crondis_croc_spear_trap_spear_retract_02
6509	toa_crondis_green_projectile_movement_03
6510	toa_crondis_croc_spear_trap_spear_expand_02
6511	toa_crondis_croc_spear_trap_spear_enter_03
6512	toa_crondis_croc_spear_trap_spear_retract_01
6513	toa_crondis_croc_spear_trap_spear_retract_04
6514	toa_crondis_water_tree
6515	toa_crondis_mummy_attack
6516	toa_crondis_tree_grow_02
6517	toa_crondis_croc_projectile
6518	toa_crondis_croc_spear_trap_spear_enter_01
6519	toa_crondis_green_projectile_movement_01
6520	toa_crondis_croc_spear_trap_spear_woody_enter_02
6521	toa_crondis_green_tiles
6522	toa_crondis_fill_container
6523	toa_crondis_tree_grow
6524	toa_crondis_water_empty
6525	toa_crondis_croc_spear_trap_spear_retract_06
6526	toa_crondis_croc_spear_trap_spear_retract_05
6527	toa_crondis_croc_projectile_open_01
6528	toa_crondis_croc_spear_trap_activiate_01
6529	toa_crondis_water_lost_02
6530	toa_crondis_croc_spear_trap_spear_expand_03
6531	toa_crondis_croc_spear_trap_spear_enter_05
6532	toa_crondis_croc_spear_trap_spear_enter_04
6533	toa_crondis_no_water
6534	toa_crondis_water_tree_02
6535	toa_poh_rising_barrier_02
6536	toa_path_of_light_impact_shileded_guardian_02
6537	toa_path_of_light_impact_shileded_guardian_01
6538	toa_poh_light_beam_mirror_reflect_01
6539	toa_poh_destroy_hets_seal_01
6540	toa_poh_light_beam_proj_01
6541	toa_poh_light_explode_01
6542	toa_poh_lowering_barrier_01
6543	toa_poh_mirror_rotate_01
6544	toa_poh_rising_barrier_01
6545	toa_path_of_het_orb_spawn_01
6546	toa_poh_light_explode_02
6547	toa_path_of_het_breaking_barrier_01
6548	toa_pos_p4_number_chipped_stone
6549	toa_pos_p2_stand_on_plate_red_colour
6550	toa_pos_p4_puzzle_complete_01
6551	toa_scarab_attack_hit
6552	toa_scarab_attack_buildup
6553	toa_pos_p5_plate_open
6554	toa_pos_p5_plate_close
6555	toa_pos_p3_rocks_hit
6556	toa_pos_p4_rock_impacts
6557	toa_pos_p4_fail_puzzle_notification
6558	toa_pos_p4_fail_puzzle_rumble
6559	toa_pos_p2_ancient_button_press
6560	toa_pos_p1_flip_plate
6561	toa_pos_p4_light_activate
6562	toa_scarab_death
6563	toa_pos_p4_examine_plate
6564	toa_smoke_02
6565	toa_smoke_p1_02
6566	toa_smoke_p1_01
6567	toa_amp_baboon_circle_02
6568	toa_neutralise_fumes_01
6569	toa_amp_gas_leak_02
6570	toa_corruption_01
6571	toa_smoke_01
6572	toa_amp_rocks_fall_02
6573	toa_amp_rocks_fall_impact
6574	toa_amp_skull_appears_01
6575	toa_amp_rocks_fall_03
6576	toa_amp_danger_02
6577	toa_neutralise_fumes_02
6578	toa_shaking_pillars_01
6579	toa_amp_baboon_circle_03
6580	toa_amp_rocks_fall_04
6581	toa_repair_roof_02
6582	toa_amp_baboon_circle_01
6583	toa_amp_pillar_rumble_01
6584	toa_amp_rocks_fall_05
6585	toa_repair_roof_03
6586	death_charge_cast_reverse
6587	ancient_spell_disable
6588	ancient_spell_deactivate
6589	ancient_spell_activate
6590	toa_zebak_defend_01
6591	toa_wardens_defend_01
6592	toa_kephri_defend_01
6593	toa_kephri_scarab_flying_defend_01
6594	toa_scarab_defend_01
6595	toa_wardens_obelisk_hit_01
6596	toa_kephri_scarab_defend_01
6597	equip_metal_charm
6598	twin_warhammer_crush
6599	brain_anchor_attack_2
6600	speedrunning_clock_attack_03
6601	speedrunning_home_tele_bone_crack_07
6602	speedrunning_home_tele_crouch_04
6603	speedrunning_home_tele_stretch_06
6604	speedrunning_clock_attack_01
6605	speedrunning_home_tele_leg_stretch_02
6606	speedrunning_home_tele_crouch_05
6607	speedrunning_home_tele_leg_retract_01
6608	speedrunning_home_tele_speed_up_whoosh_02
6609	speedrunning_home_tele_step_03
6610	speedrunning_home_tele_bone_crack_08
6611	speedrunning_home_tele_stretch_04
6612	speedrunning_clock_attack_02
6613	speedrunning_home_tele_stand_up_01
6614	speedrunning_home_tele_stretch_05
6615	speedrunning_home_tele_step_01
6616	speedrunning_home_tele_quick_whoosh_01
6617	speedrunning_home_tele_leg_stretch_03
6618	speedrunning_home_tele_stand_up_02
6619	speedrunning_home_tele_crouch_01
6620	speedrunning_home_tele_stretch_01
6621	speedrunning_clock_metallic_noise_01
6622	speedrunning_home_tele_leg_stretch_01
6623	speedrunning_clock_attack_land_impact_high_01
6624	speedrunning_home_tele_quick_step_01
6625	speedrunning_home_tele_after_smoke_01
6626	speedrunning_home_tele_bone_crack_02
6627	speedrunning_home_tele_bone_crack_06
6628	speedrunning_home_tele_quick_step_02
6629	speedrunning_home_tele_leg_stretch_04
6630	speedrunning_home_tele_bone_crack_03
6631	speedrunning_home_tele_bone_crack_05
6632	speedrunning_home_tele_bone_crack_04
6633	speedrunning_home_tele_stretch_02
6634	speedrunning_clock_equip_01
6635	speedrunning_home_tele_crouch_03
6636	speedrunning_home_tele_quick_whoosh_02
6637	speedrunning_home_tele_speed_up_whoosh_01
6638	speedrunning_home_tele_crouch_02
6639	speedrunning_home_tele_crouch_06
6640	speedrunning_home_tele_stretch_03
6641	speedrunning_home_tele_step_02
6642	speedrunning_home_tele_bone_crack_01
6643	speedrunning_clock_attack_land_impact_01
6644	clock_tick_short
6645	tzhaar_ket_om_crush_quick
6646	poh_tablet_break_only
6647	jewel_ding
6648	place_item
6649	lock_button_press
6650	lock_dial_turn
6651	lock_button_wrong
6652	lock_attempt
6653	lock_adjust_pin
6654	lunar_humidify_norain
6655	dark_teleport_2
6656	block_teleport_short
6657	dark_teleport_1
6658	sotn_muspah_teleport_appear_whoosh_02
6659	sotn_muspah_high_pitch_projectile_02
6660	sotn_muspah_summon_charge_01
6661	sotn_muspah_summon_bass_01
6662	sotn_muspah_death_stepback_01
6663	sotn_ice_wind_01
6664	sotn_muspah_magic_attack_electric_charge_02
6665	sotn_muspah_death_fall_impact_01
6666	sotn_muspah_attack_melee_impact_03
6667	sotn_muspah_walk_backward_01
6668	sotn_muspah_explosion_scatter_03
6669	sotn_muspah_teleport_attack_appear_01
6670	sotn_muspah_attack_summon_signal_02
6671	sotn_muspah_venator_bow_fire_04
6672	sotn_muspah_venator_bow_ricochet_p1_01
6673	sotn_muspah_teleport_disappear_whoosh_01
6674	sotn_muspah_melee_hit_impact_01
6675	sotn_muspah_range_roar_charge_01
6676	sotn_muspah_teleport_appear_thump_low_01
6677	sotn_butt_explode_01
6678	sotn_muspah_death_smoke_small_sweep_05
6679	sotn_muspah_death_02
6680	sotn_muspah_magic_purple_charge_start_01
6681	sotn_ice_gap_shot_02
6682	sotn_muspah_ranged_attack_impact_01
6683	sotn_muspah_attack_melee_arms_throw_08
6684	sotn_muspah_attack_melee_claws_impact_02
6685	sotn_muspah_attack_magic_claw_impact_rumble_01
6686	sotn_muspah_spike_spawn_02
6687	sotn_muspah_attack_summon_screech_01
6688	sotn_muspah_walk_forward_03
6689	sotn_muspah_teleport_attack_appear_02
6690	sotn_muspah_high_pitch_projectile_03
6691	sotn_muspah_death_smoke_impact_02
6692	sotn_muspah_attack_ranged_whoosh_01
6693	sotn_muspah_mage_attack_impact_01
6694	sotn_muspah_magic_purple_charge_02
6695	sotn_muspah_teleport_appear_smoke_01
6696	sotn_muspah_death_fall_impact_02
6697	sotn_muspah_attack_melee_whoosh_01
6698	sotn_muspah_spawn_01
6699	sotn_muspah_attack_summon_signal_08
6700	sotn_muspah_death_01
6701	sotn_muspah_explosion_scatter_02
6702	sotn_muspah_death_jhallan_entry_smoke_03
6703	sotn_muspah_teleport_appear_mid_01
6704	sotn_muspah_summon_screech_02
6705	sotn_muspah_range_roar_charge_03
6706	sotn_muspah_attack_summon_signal_01
6707	sotn_muspah_explosion_backstep_01
6708	sotn_muspah_death_jhallan_entry_smoke_06
6709	sotn_muspah_attack_summon_signal_06
6710	sotn_muspah_attack_summon_signal_05
6711	sotn_muspah_walk_forward_02
6712	sotn_muspah_transform_appear_signal_02
6713	sotn_muspah_teleport_appear_roar_02
6714	sotn_muspah_death_smoke_impact_01
6715	sotn_muspah_attack_melee_arms_throw_06
6716	sotn_muspah_attack_melee_claws_scrape_01
6717	sotn_muspah_teleport_disappear_woosh_02
6718	sotn_muspah_walk_forward_01
6719	sotn_muspah_summon_screech_03
6720	sotn_muspah_teleport_appear_schreech_high_01
6721	sotn_muspah_teleport_attack_smoke_02
6722	sotn_muspah_death_jhallan_entry_smoke_05
6723	sotn_muspah_spike_impact_01
6724	sotn_muspah_teleport_disappear_low_mid_whoosh_01
6725	sotn_muspah_attack_melee_arms_throw_02
6726	sotn_muspah_death_roar_01
6727	sotn_muspah_teleport_disappear_summon_01
6728	sotn_muspah_magic_explosion_electric_charge_01
6729	sotn_muspah_attack_melee_impact_01
6730	sotn_muspah_mage_projectile_travel_01
6731	sotn_muspah_magic_attack_screech_03
6732	sotn_muspah_teleport_disappear_smoke_01
6733	sotn_muspah_summon_bass_03
6734	sotn_muspah_venator_bow_fire_03
6735	sotn_muspah_venator_bow_ricochet_p2_01
6736	sotn_muspah_transform_appear_smoke_01
6737	sotn_muspah_attack_summon_signal_04
6738	sotn_muspah_teleport_summon_01
6739	sotn_muspah_teleport_disappear_whoosh_03
6740	sotn_muspah_death_fade_01
6741	sotn_muspah_magic_attack_electric_charge_01
6742	sotn_ice_gap_shot_04
6743	sotn_muspah_attack_melee_impact_02
6744	sotn_muspah_magic_attack_screech_04
6745	sotn_muspah_transform_appear_smoke_02
6746	sotn_muspah_teleport_appear_smoke_03
6747	sotn_muspah_attack_melee_claws_impact_03
6748	sotn_muspah_teleport_appear_schreech_high_03
6749	sotn_muspah_magic_explosion_electric_charge_03
6750	sotn_muspah_spike_despawn_01
6751	sotn_ice_gap_shot_01
6752	sotn_muspah_death_jhallan_entry_smoke_02
6753	sotn_muspah_attack_magic_claw_impact_02
6754	sotn_muspah_magic_purple_charge_01
6755	sotn_muspah_venator_bow_fire_06
6756	sotn_muspah_venator_bow_fire_02
6757	sotn_muspah_walk_backward_02
6758	sotn_muspah_summon_bass_02
6759	sotn_muspah_teleport_disappear_low_thud_01
6760	sotn_muspah_attack_magic_claw_impact_01
6761	sotn_muspah_death_smoke_small_sweep_03
6762	sotn_muspah_teleport_attack_appear_03
6763	sotn_muspah_muspah_death_fall_impact_01
6764	sotn_muspah_spike_despawn_02
6765	sotn_muspah_unique_loot_02
6766	sotn_muspah_death_smoke_small_sweep_04
6767	sotn_mahjarrat_tele_in_01
6768	sotn_muspah_transform_punch_01
6769	sotn_muspah_summon_charge_03
6770	sotn_muspah_teleport_appear_schreech_high_05
6771	sotn_muspah_teleport_appear_schreech_high_02
6772	sotn_muspah_teleport_disappear_mid_whoosh_01
6773	sotn_muspah_death_jhallan_entry_smoke_04
6774	sotn_muspah_ranged_attack_impact_02
6775	sotn_muspah_magic_purple_charge_03
6776	sotn_muspah_attack_melee_roar_01
6777	sotn_muspah_attack_summon_01
6778	sotn_muspah_attack_melee_arms_throw_05
6779	sotn_muspah_death_smoke_small_sweep_01
6780	sotn_muspah_spike_spawn_01
6781	sotn_muspah_death_roar_02
6782	sotn_muspah_transform_disappear_signal_01
6783	sotn_muspah_death_smoke_small_sweep_06
6784	sotn_muspah_teleport_appear_smoke_02
6785	sotn_muspah_venator_bow_fire_01
6786	sotn_muspah_venator_bow_fire_05
6787	sotn_muspah_attack_ranged_projectile_01
6788	sotn_muspah_teleport_appear_schreech_high_04
6789	sotn_muspah_magic_explosion_electric_charge_02
6790	sotn_muspah_attack_melee_claws_impact_01
6791	sotn_muspah_teleport_disappear_woosh_01
6792	sotn_muspah_death_jhallan_appear_01
6793	sotn_muspah_attack_melee_arms_throw_04
6794	sotn_muspah_attack_summon_signal_07
6795	sotn_muspah_teleport_disappear_whoosh_02
6796	sotn_muspah_explosion_backstep_02
6797	sotn_muspah_venator_bow_fire_07
6798	sotn_muspah_leg_movement_01
6799	sotn_muspah_attack_melee_arms_throw_03
6800	sotn_muspah_summon_alert_01
6801	sotn_muspah_attack_melee_attack_screech_01
6802	sotn_muspah_high_pitch_projectile_04
6803	sotn_ice_gap_shot_05
6804	sotn_muspah_summon_alert_02
6805	sotn_muspah_shield_deplete_01
6806	sotn_muspah_summon_screech_01
6807	sotn_muspah_explosion_frontstep_01
6808	sotn_muspah_range_roar_charge_02
6809	sotn_muspah_attack_melee_claws_scrape_02
6810	sotn_muspah_transform_disappear_signal_02
6811	sotn_muspah_death_smoke_impact_03
6812	sotn_muspah_attack_melee_roar_02
6813	sotn_muspah_magic_purple_charge_04
6814	sotn_muspah_magic_attack_screech_01
6815	sotn_muspah_defend_01
6816	sotn_muspah_summon_charge_02
6817	sotn_muspah_explosion_scatter_05
6818	sotn_muspah_teleport_appear_whoosh_01
6819	sotn_muspah_attack_melee_arms_throw_01
6820	sotn_muspah_teleport_attack_smoke_01
6821	sotn_muspah_high_pitch_projectile_01
6822	sotn_muspah_attack_summon_signal_03
6823	sotn_muspah_summon_screech_05
6824	sotn_muspah_summon_screech_06
6825	sotn_muspah_magic_attack_screech_02
6826	sotn_muspah_teleport_appear_roar_01
6827	sotn_muspah_attack_ranged_charge_01
6828	sotn_muspah_magic_explosion_electric_charge_04
6829	sotn_muspah_death_jhallan_entry_smoke_01
6830	sotn_muspah_shield_delete_01
6831	sotn_muspah_explosion_scatter_01
6832	sotn_muspah_teleport_appear_schreech_high_06
6833	sotn_mahjarrat_tele_out_01
6834	sotn_ice_gap_shot_03
6835	sotn_muspah_explosion_scatter_04
6836	sotn_muspah_bassy_impact_01
6837	sotn_muspah_teleport_disappear_roar_01
6838	sotn_muspah_teleport_appear_whoosh_03
6839	sotn_muspah_death_smoke_rise_01
6840	sotn_muspah_death_smoke_small_sweep_02
6841	sotn_muspah_magic_attack_charge_01
6842	sotn_muspah_transform_appear_signal_01
6843	sotn_muspah_magic_attack_projectile_01
6844	sotn_muspah_death_stepback_02
6845	sotn_muspah_summon_screech_04
6846	sotn_muspah_attack_magic_bass
6847	godwars_saradomin_magic_impact_low
6848	wbr_callisto_attack_magic_roar_01
6849	wbr_callisto_attack_melee_first_hand_impact_01
6850	wbr_vetion_attack_magic_second_arm_movement_01
6851	wbr_vetion_death_disintergrate_01
6852	wbr_vetion_attack_melee_woosh_sword_back_01
6853	wbr_vetion_spawn_01
6854	wbr_vetion_attack_melee_woosh_sword_back_02
6855	wbr_vetion_defend_parry_shield_glow_01
6856	wbr_vetion_attack_magic_final_arm_movement_01
6857	wbr_vetion_defend_shield_lowered_01
6858	wbr_vetion_attack_melee_low_end_sword_swoosh_01
6859	wbr_vetion_defend_shield_activate_01
6860	wbr_vetion_defend_shield_lowered_02
6861	wbr_vetion_attack_melee_low_end_sword_swoosh_03
6862	wbr_vetion_attack_magic_first_arm_movement_01
6863	wbr_vetion_sword_silce_01
6864	wbr_vetion_sword_silce_02
6865	wbr_callisto_front_step_02
6866	wbr_callisto_attack_melee_range_throw_01
6867	wbr_vention_enrage_power_up_01
6868	wbr_callisto_curved_proj_impact_01
6869	wbr_venenatis_step_16
6870	wbr_callisto_front_step_01
6871	wbr_venenatis_melee_attack_woosh_01
6872	wbr_venenatis_step_10
6873	wbr_callisto_attack_melee_roar_01
6874	wbr_callisto_back_step_01
6875	wbr_vention_attack_magic_stomp_03
6876	wbr_venenatis_spawn_web_landing_02
6877	wbr_venenatis_melee_attack_legs_in_ground_01
6878	wbr_vention_attack_magic_stomp_02
6879	wbr_venenatis_step_05
6880	wbr_vention_attack_defend_parry_charge_01
6881	wbr_venenatis_step_04
6882	wbr_venenatis_magic_proj_01
6883	wbr_callisto_white_proj_01
6884	wbr_vention_enrage_power_up_03
6885	wbr_callisto_death_roar_01
6886	wbr_callisto_step_02
6887	wbr_venenatis_death_evaporate_01
6888	wbr_callisto_attack_magic_backstep_01
6889	wbr_vention_attack_defend_parry_charge_02
6890	wbr_callisto_attack_melee_second_hand_impact_01
6891	wbr_callisto_bear_trap_impact_01
6892	wbr_callisto_big_step_03
6893	wbr_callisto_boomerrang_flyback_impact_01
6894	wbr_callisto_attack_magic_roar_02
6895	wbr_vention_white_ball_explosion_02
6896	wbr_callisto_attack_ranged_stepback_04
6897	wbr_callisto_big_step_07
6898	wbr_venenatis_spider_web_grid_land_impact_01
6899	wbr_venenatis_step_12
6900	wbr_callisto_attack_melee_scratch_01
6901	wbr_venenatis_step_14
6902	wbr_venenatis_range_proj_01
6903	wbr_venenatis_step_03
6904	wbr_vention_hellhound_attack_bark_01
6905	wbr_venenatis_step_11
6906	wbr_callisto_attack_magic_howl_01
6907	wbr_venenatis_spawn_web_01
6908	wbr_callisto_bear_trap_spawn_01
6909	wbr_callisto_back_step_02
6910	wbr_vention_hellhound_call_01
6911	wbr_venenatis_spider_grid_despawn_01
6912	wbr_callisto_attack_magic_howl_02
6913	wbr_callisto_big_step_01
6914	wbr_venenatis_step_09
6915	wbr_venenatis_step_02
6916	wbr_vention_white_ball_explosion_01
6917	wbr_vention_white_ball_explosion_04
6918	wbr_callisto_attack_ranged_stepback_02
6919	wbr_callisto_boomerrang_flyback_fall_to_knees_01
6920	wbr_callisto_bear_trap_shut_no_player_01
6921	wbr_venenatis_attack_screech_01
6922	wbr_vention_attack_high_pitch_sword_swipe_01
6923	wbr_venenatis_step_18
6924	wbr_venenatis_spider_web_grid_proj_02
6925	wbr_callisto_boomerrang_impact_01
6926	wbr_callisto_white_proj_02
6927	wbr_callisto_attack_ranged_stepback_03
6928	wbr_vention_hellhound_defend_snarl_01
6929	wbr_callisto_bear_trap_spawn_02
6930	wbr_callisto_big_step_05
6931	wbr_callisto_attack_melee_ranged_roar_01
6932	wbr_venenatis_spawn_web_thud_01
6933	wbr_venenatis_step_13
6934	wbr_callisto_white_proj_impact_02
6935	wbr_venenatis_step_19
6936	wbr_vention_attack_magic_sword_shriek_quiter_02
6937	wbr_callisto_attack_melee_growl_intro_01
6938	wbr_callisto_step_01
6939	wbr_venenatis_step_17
6940	wbr_vention_attack_magic_sword_shriek_quiter_03
6941	wbr_vention_white_ball_explosion_03
6942	wbr_venenatis_step_20
6943	wbr_callisto_attack_melee_secondt_hand_impact_01
6944	wbr_vention_attack_magic_stomp_01
6945	wbr_venenatis_step_08
6946	wbr_venenatis_spawn_web_landing_01
6947	wbr_venenatis_attack_intro_screech_01
6948	wbr_vention_death_screech_01
6949	wbr_venenatis_melee_attack_woosh_02
6950	wbr_venenatis_mage_charge_01
6951	wbr_venenatis_step_01
6952	wbr_vention_hellhound_death_01
6953	wbr_vention_white_ball_explosion_05
6954	wbr_callisto_attack_ranged_stepback_01
6955	wbr_vention_attack_magic_sword_shriek_01
6956	wbr_callisto_big_step_06
6957	wbr_venenatis_death_screech_01
6958	wbr_venenatis_spiderling_defend_screech_01
6959	wbr_callisto_final_floor_impact_01
6960	wbr_callisto_player_throw_back_01
6961	wbr_venenatis_step_15
6962	wbr_venenatis_step_06
6963	wbr_venenatis_spiderling_attack_screech_01
6964	wbr_vention_enrage_power_up_02
6965	wbr_venenatis_spawn_web_creak_01
6966	wbr_callisto_curved_proj_02
6967	wbr_venenatis_step_07
6968	wbr_callisto_boomerrang_impact_02
6969	wbr_callisto_attack_magic_roar_03
6970	wbr_venenatis_spawn_web_backlegs_land_01
6971	wbr_callisto_big_step_04
6972	wbr_vention_attack_thick_sword_swipe_01
6973	wbr_callisto_attack_enraged_roar_01
6974	wbr_callisto_attack_melee_range_scratch_01
6975	wbr_vention_death_fall_to_kness_01
6976	wbr_venenatis_range_attack_projectile_01
6977	wbr_callisto_curved_proj_01
6978	wbr_vention_death_bass_01
6979	wbr_vention_enrage_bass_01
6980	wbr_venenatis_spider_web_grid_proj_01
6981	wbr_callisto_white_proj_impact_01
6982	wbr_callisto_attack_enraged_roar_02
6983	wbr_venenatis_melee_attack_screech_01
6984	wbr_callisto_big_step_02
6985	wbr_vention_footstep_01
6986	wbr_vention_footstep_02
6987	osrs_10_birthday_tv_online
6988	osrs_10_birthday_elvarg_arrives_wing_flaps_01
6989	osrs_10_birthday_dragon_growl_01
6990	osrs_10_birthday_tv_static_01
6991	osrs_10_birthday_dragon_growl_02
6992	osrs_10_birthday_tv_offline_off
6993	skeletal_gorilla_roar
6994	sote_hunleff_change_growl
6995	sote_hunleff_growl
6996	sote_hunleff_growl_ranged
6997	sote_hunleff_growl_magic
6998	love_crossbow_shot
6999	harp_strum
7000	wotf_struggling_sapling_sapling_spawn
7001	wotf_tea_brewing_buff
7002	wotf_rising_roots_root_rise
7003	wotf_forestry_kit_consume_ration
7004	wotf_struggling_sapling_sapling_mulch_strong
7005	wotf_foresters_campfire_burn_leaves
7006	wotf_struggling_sapling_leaves_spawn
7007	wotf_rising_roots_root_cut_down
7008	wotf_flowering_tree_flower_de_spawn
7009	wotf_struggling_sapling_sapling_mulch_weak
7010	wotf_tea_brewing_brew
7011	wotf_tea_brewing_use_cup
7012	wotf_struggling_sapling_sapling_strengthens
7013	wotf_forestry_kit_use_item
7014	wotf_flowering_tree_flower_spawn
7015	wotf_struggling_sapling_sapling_grows
7016	wotf_foresters_campfire_buff
7017	wotf_struggling_sapling_sapling_wilts
7018	wotf_struggling_sapling_sapling_die
7019	weapon_soul_reaper_special_attack
7020	dt2_levboss_360_end_01
7021	dt2_levboss_tornado_impact_01
7022	dt2_levboss_spit_singleshot_02
7023	dt2_levboss_magic_impact_sound_01
7024	dt2_levboss_spawn_01
7025	dt2_levboss_melee_impact_sound_01
7026	dt2_levboss_ranged_impact_sound_01
7027	dt2_levboss_360_singleshot_01
7028	dt2_levboss_spit_singleshot_04
7029	dt2_levboss_melee_01
7030	dt2_levboss_magic_launch_sound_01
7031	dt2_levboss_hit_impact_01
7032	dt2_levboss_spit_start_01
7033	dt2_levboss_spawn_02
7034	dt2_levboss_death_02
7035	dt2_levboss_brain_impact_01
7036	dt2_levboss_melee_02
7037	dt2_levboss_spawn_03
7038	dt2_levboss_death_01
7039	dt2_levboss_lightning_impact_02
7040	dt2_levboss_melee_launch_sound_01
7041	dt2_levboss_range_launch_sound_01
7042	dt2_levboss_weakspot_impact_01
7043	dt2_levboss_stun_cry_01
7044	dt2_levboss_explosion_start_01
7045	dt2_levboss_explosion_01
7046	dt2_levboss_lightning_impact_01
7047	dt2_levboss_spit_singleshot_01
7048	dt2_levboss_spit_singleshot_03
7049	dt2_levboss_rubble_impact_01
7050	dt2_levboss_lightning_attack_01
7051	dt2_levboss_360_start_01
7052	dt2_vardorvis_death_second_fall_01
7053	dt2_vardorvis_melee_swipe_02
7054	dt2_vardorvis_melee_impact_05
7055	dt2_vardorvis_entagle_end_arm_throw_01
7056	dt2_vardorvis_entangle_loop_rumble_02
7057	dt2_vardorvis_head_scream_02
7058	dt2_vardorvis_tentacle_axe_grab_despawn_02
7059	dt2_vardorvis_melee_arm_whoosh_02
7060	dt2_vardorvis_tentacle_low_pitch_despawn_01
7061	dt2_vardorvis_tentacle_whip_01
7062	dt2_vardorvis_head_scream_tentacle_spawn_06
7063	dt2_vardorvis_entagle_floor_impact_01
7064	dt2_vardorvis_entangle_release_01
7065	dt2_vardorvis_death_screech_02
7066	dt2_vardorvis_entangle_loop_rumble_03
7067	dt2_vardorvis_entagle_loop_01
7068	dt2_vardorvis_entagle_arm_throw_01
7069	dt2_vardorvis_entagle_end_arm_throw_low_pitch_01
7070	dt2_vardorvis_head_scream_tentacle_spawn_02
7071	dt2_vardorvis_dash_being_01
7072	dt2_vardorvis_melee_arm_whoosh_01
7073	dt2_vardorvis_footstep_02
7074	dt2_vardorvis_head_scream_projectile_03
7075	dt2_vardorvis_melee_arm_whoosh_04
7076	dt2_vardorvis_tentacle_axe_grab_despawn_01
7077	dt2_vardorvis_head_scream_tentacle_spawn_05
7078	dt2_vardorvis_tentacle_spawn_01
7079	dt2_vardorvis_head_scream_01
7080	dt2_vardorvis_death_sound_01
7081	bleed_start
7082	dt2_vardorvis_melee_end_swipe_01
7083	dt2_vardorvis_axe_player_impact_03
7084	dt2_vardorvis_melee_impact_02
7085	dt2_vardorvis_tentacle_axe_grab_despawn_03
7086	dt2_vardorvis_entangled_damage_impact_02
7087	dt2_vardorvis_entangle_creak_01
7088	dt2_vardorvis_spike_wall_spawn_01
7089	dt2_vardorvis_tentacle_charge_02
7090	dt2_vardorvis_axe_player_impact_01
7091	dt2_vardorvis_dash_prep_01
7092	dt2_vardorvis_walk_tentacle_impact_02
7093	dt2_vardorvis_death_screech_01
7094	dt2_vardorvis_melee_swipe_03
7095	dt2_vardorvis_tentacle_creak_03
7096	dt2_vardorvis_entagle_loop_03
7097	dt2_vardorvis_entagle_intro_charge_01
7098	dt2_vardorvis_entagle_loop_05
7099	dt2_vardorvis_entangled_01
7100	dt2_vardorvis_entagle_end_02
7101	dt2_vardorvis_tentacle_charge_01
7102	dt2_vardorvis_entagle_end_01
7103	dt2_vardorvis_head_scream_tentacle_spawn_04
7104	dt2_vardorvis_interface_vine_select_01
7105	dt2_vardorvis_entagle_end_woosh_01
7106	dt2_vardorvis_entagle_spawn_jump_01
7107	dt2_vardorvis_entagle_intro_whoosh_01
7108	dt2_vardorvis_entagle_intro_whoosh_02
7109	dt2_vardorvis_spike_despawn_02
7110	dt2_vardorvis_entagle_spawn_land_01
7111	dt2_vardorvis_head_scream_projectile_02
7112	dt2_vardorvis_entagle_intro_charge_02
7113	dt2_vardorvis_melee_high_pitch_impact_01
7114	dt2_vardorvis_tentacle_creak_01
7115	dt2_vardorvis_tentacle_slide_01
7116	dt2_vardorvis_melee_impact_06
7117	dt2_vardorvis_crunch_04
7118	dt2_vardorvis_tentacle_axe_grab_despawn_04
7119	dt2_vardorvis_dash_woosh_01
7120	dt2_vardorvis_head_scream_screech_01
7121	dt2_vardorvis_entangle_loop_rumble_01
7122	dt2_vardorvis_tentacle_slide_02
7123	dt2_vardorvis_tentacle_despawn_01
7124	dt2_vardorvis_head_scream_tentacle_spawn_03
7125	dt2_vardorvis_tentacle_axe_spawn_grab_01
7126	dt2_vardorvis_spike_spawn_01
7127	dt2_vardorvis_spike_despawn_01
7128	dt2_vardorvis_crunch_02
7129	dt2_vardorvis_axe_swoosh_01
7130	dt2_vardorvis_crunch_03
7131	dt2_vardorvis_walk_tentacle_impact_01
7132	dt2_vardorvis_melee_swipe_01
7133	dt2_vardorvis_entagle_intro_charge_03
7134	dt2_vardorvis_entagle_spawn_jump_02
7135	dt2_vardorvis_melee_arm_whoosh_03
7136	dt2_vardorvis_melee_impact_04
7137	dt2_vardorvis_entagle_end_woosh_02
7138	dt2_vardorvis_melee_impact_03
7139	dt2_vardorvis_hit_01
7140	dt2_vardorvis_entangle_release_02
7141	dt2_vardorvis_entangled_damage_impact_01
7143	dt2_vardorvis_head_scream_tentacle_spawn_07
7144	dt2_vardorvis_tentacle_low_pitch_slide_01
7145	dt2_vardorvis_spike_impact_01
7146	dt2_vardorvis_entangle_release_03
7147	dt2_vardorvis_entagle_loop_02
7148	dt2_vardorvis_footstep_01
7149	dt2_vardorvis_crunch_01
7150	dt2_vardorvis_melee_impact_01
7151	dt2_vardorvis_axe_player_impact_02
7152	dt2_vardorvis_entagle_loop_04
7153	dt2_vardorvis_head_scream_projectile_01
7154	dt2_vardorvis_spike_spawn_02
7155	dt2_vardorvis_spike_wall_despawn_01
7156	dt2_vardorvis_tentacle_low_pitch_slide_02
7157	dt2_vardorvis_death_first_fall_01
7158	dt2_vardorvis_head_scream_tentacle_spawn_01
7159	dt2_vardorvis_tentacle_creak_02
7160	dt2_duke_mage_projectile_02
7161	dt2_duke_magic_vocal_charge_01
7162	dt2_duke_eye_close_01
7163	dt2_duke_sight_slam_02
7164	dt2_duke_magic_att_faster_proj_01
7165	dt2_duke_sight_slam_01
7166	dt2_duke_wakeup_rumble_01
7167	dt2_duke_melee_impact_01
7168	dt2_duke_melee_attack_high_slam_01
7169	dt2_duke_death_groan_02
7170	sfx_duke_ground_proj_03
7171	dt2_duke_death_slouch_01
7172	dt2_duke_sleep_breath_type_01
7173	dt2_duke_magic_att_faster_roar_02
7174	dt2_duke_vent_smoke_02
7175	dt2_duke_eye_ball_movement_07
7176	sfx_duke_ground_proj
7177	dt2_duke_melee_roar_04
7178	dt2_duke_vent_smoke_burst_02
7179	dt2_duke_magic_att_faster_roar_03
7180	dt2_duke_mage_porjectile_01
7181	dt2_duke_hit_impact_03
7182	dt2_duke_poison_roar_01
7183	dt2_duke_magic_att_faster_roar_01
7184	dt2_duke_sleep_breath_in_01
7185	dt2_duke_wall_death_01
7186	dt2_duke_melee_attack_hand_impact_01
7187	dt2_duke_poison_roar_02
7188	dt2_duke_wakeup_raor_01
7189	dt2_duke_hit_impact_07
7190	dt2_duke_sight_close_mouth_01
7191	dt2_duke_melee_roar_01
7192	dt2_duke_sleep_breath_in_02
7193	dt2_duke_vent_smoke_04
7194	dt2_duke_sight_roar_01
7195	dt2_duke_eye_ball_movement_08
7196	dt2_duke_hit_impact_05
7197	dt2_duke_magic_impact_03
7198	dt2_duke_death_slouch_impact_01
7199	dt2_duke_eye_appear_01
7200	dt2_duke_red_beam_detection_03
7201	dt2_duke_wakeup_raor_02
7202	sfx_duke_ground_proj_02
7203	dt2_duke_vent_smoke_03
7204	dt2_duke_red_beam_detection_01
7205	dt2_duke_sight_roar_02
7206	dt2_duke_eye_ball_movement_04
7207	dt2_duke_eye_appear_03
7208	dt2_duke_eye_ball_movement_06
7209	dt2_duke_wall_breath_out_01
7210	dt2_duke_mage_projectile_05
7211	dt2_duke_hit_impact_02
7212	dt2_duke_wall_wakeup_01
7213	sfx_duke_ground_proj_01
7214	dt2_duke_mage_projectile_04
7215	dt2_duke_sight_attack_charge_01
7216	dt2_duke_mage_projectile_roar_01
7217	dt2_duke_mage_projectile_03
7218	dt2_duke_melee_roar_03
7219	dt2_duke_magic_impact_01
7220	dt2_duke_wall_breath_in_01
7221	dt2_duke_melee_roar_02
7222	dt2_duke_mage_projectile_roar_02
7223	dt2_duke_red_beam_detection_02
7224	dt2_duke_melee_attack_hand_impact_02
7225	dt2_duke_hit_impact_01
7226	dt2_duke_vent_smoke_05
7227	dt2_duke_poison_roar_03
7228	dt2_duke_eye_ball_movement_05
7229	dt2_duke_vent_smoke_burst_01
7230	dt2_duke_eye_ball_movement_02
7231	dt2_duke_hit_impact_06
7232	dt2_duke_death_slouch_impact_02
7233	dt2_duke_magic_impact_02
7234	dt2_duke_death_groan_01
7235	dt2_duke_eye_ball_movement_01
7236	dt2_duke_sight_hand_slam_02
7237	dt2_duke_sleep_breathing_01
7238	dt2_duke_death_roar_02
7239	dt2_duke_sight_hand_slam_03
7240	dt2_duke_eye_appear_02
7241	dt2_duke_death_roar_01
7242	dt2_duke_spit_projectile_01
7243	dt2_duke_vent_smoke_burst_03
7244	dt2_duke_sight_hand_slam_01
7245	dt2_duke_eye_ball_movement_03
7246	dt2_duke_hit_impact_04
7247	dt2_duke_vent_smoke_01
7248	dt2_duke_magic_att_faster_proj_02
7249	dt2_duke_poison_roar_04
7250	stranglewood_bind_01
7251	stranglewood_kasonde_slam
7252	strangled_human_attack
7253	strangled_lynx_attack
7254	strangled_boar_attack
7255	strangled_boar_hit
7256	strangled_human_death_unarmed
7257	strangled_human_death
7258	strangled_human_hit
7259	strangled_lynx_hit
7260	strangled_human_attack_sword
7261	strangled_lynx_death
7262	dt2_whisperer_walk_sludge_movement_high_01
7263	dt2_whisperer_egg_hatch_04
7264	dt2_whisperer_tentacle_splash_01
7265	dt2_whisperer_walk_11
7266	dt2_whisperer_tentacle_spawn_01
7267	dt2_whisperer_tentacle_death_02
7268	dt2_whisperer_range_charge_01
7269	dt2_water_splash_01
7270	dt2_whisperer_area_water_ripple_01
7271	dt2_whisperer_attack_screech_01
7272	dt2_whisperer_egg_vanish_03
7273	dt2_whisperer_walk_10
7274	dt2_whisperer_magic_whoosh_01
7275	dt2_whisperer_att_screech_rise_stutter_01
7277	dt2_whisperer_melee_right_woosh_03
7278	dt2_whisperer_melee_vocal_screech_01
7279	dt2_whisperer_walk_03
7280	dt2_whisperer_blade_proectile_01
7281	dt2_whisperer_melee_left_woosh_05
7282	dt2_whisperer_teleport_01_whoosh_01
7283	dt2_whisperer_egg_vanish_07
7284	dt2_whisperer_melee_vocal_screech_03
7285	dt2_whisperer_leeches_charge_01
7286	dt2_whisperer_summon_souls_start_end_01
7287	dt2_whisperer_egg_spawn_04
7288	dt2_whisperer_screech_shorter_bass_01
7289	dt2_whisperer_arm_raise_01
7290	dt2_whisperer_death_arm_raise_04
7291	dt2_whisperer_att_screech_wail_02
7292	dt2_whisperer_larvae_03
7293	dt2_whisperer_screech_circle_projection_04
7294	dt2_whisperer_egg_spawn_12
7295	dt2_whisperer_tentacle_spawn_02
7296	dt2_whisperer_egg_spawn_06
7297	dt2_whisperer_soul_projectile_to_whisperer_05
7298	dt2_whisperer_death_scream_01
7299	dt2_whisperer_water_splash_01
7300	dt2_whisperer_range_charge_03
7301	dt2_whisperer_tentacle_spawn_04
7302	dt2_whisperer_attack_screech_02
7303	dt2_whisperer_summon_souls_start_01
7304	dt2_whisperer_walk_01
7306	dt2_whisperer_walk_06
7307	dt2_whisperer_death_fade_out_05
7308	dt2_whisperer_att_screech_rise_woosh_05
7309	dt2_whisperer_souls_landing_05
7310	dt2_whisperer_nightmare_01
7311	dt2_whisperer_all_eggs_hatch_lavrae_return_05
7312	dt2_whisperer_summon_souls_end_relax_01
7313	dt2_whisperer_summon_souls_start_bass_01
7314	dt2_whisperer_water_splash_impact_03
7315	dt2_whisperer_egg_hatch_02
7316	dt2_whisperer_range_impact_03
7317	dt2_whisperer_splash_tone
7318	dt2_whisperer_soul_projectile_to_whisperer_02
7319	dt2_whisperer_tentacle_splash_06
7320	dt2_whisperer_tentacle_splash_ripple_03
7321	dt2_tentacle_centre_splash_seq_02
7322	dt2_whisperer_magic_proj_01
7323	dt2_whisperer_water_splash_03
7324	dt2_whisperer_spawn_bass
7325	dt2_whisperer_screech_bass_01
7326	dt2_whisperer_tentacle_splash_ripple_05
7327	dt2_whisperer_egg_vanish_08
7329	dt2_whisperer_soul_projectile_to_whisperer_03
7330	dt2_whisperer_teleport_01_whoosh_03
7331	dt2_whisperer_tentacle_spawn_03
7332	dt2_whisperer_death_arm_raise_03
7333	dt2_whisperer_death_fade_out_02
7334	dt2_whisperer_walk_07
7335	dt2_whisperer_att_screech_rise_woosh_02
7337	dt2_whisperer_egg_vanish_06
7338	dt2_whisperer_range_impact_02
7339	dt2_whisperer_egg_spawn_05
7340	dt2_whisperer_tentacle_ripple_centre_splash_03
7341	dt2_whisperer_tentacle_death_smoke_p3
7342	dt2_whisperer_egg_spawn_09
7343	dt2_whisperer_magic_impact_02
7344	dt2_whisperer_range_charge_07
7345	dt2_whisperer_melee_right_woosh_05
7346	dt2_whisperer_blue_projectile_01
7347	dt2_whisperer_tentacle_multi_whips_01
7348	dt2_whisperer_soul_projectile_to_whisperer_01
7349	dt2_whisperer_egg_spawn_13
7350	dt2_whisperer_green_bind_03
7351	dt2_whisperer_death_fade_out_03
7352	dt2_whisperer_att_screech_wail_01
7353	dt2_whisperer_green_bind_01
7354	dt2_whisperer_magic_whoosh_05
7355	dt2_whisperer_tentacle_death_smoke_01
7356	dt2_whisperer_attack_screech_03
7357	dt2_whisperer_magic_projectile_01
7358	dt2_whisperer_tentacle_death_03
7359	dt2_whisperer_melee_player_impact_01
7361	dt2_whisperer_hand_clap_01
7362	dt2_whisperer_tentacle_ripple_centre_splash_01
7363	dt2_whisperer_magic_projectile_02
7364	dt2_whisperer_tentacle_ripple_centre_splash_02
7365	dt2_whisperer_screech_shorter_bass_02
7366	dt2_whisperer_leeches_post_charge_03
7367	dt2_whisperer_tentacle_attack_whoosh_p2_02
7368	dt2_whisperer_walk_08
7369	dt2_whisperer_tentacle_attack_whoosh_p1_02
7370	dt2_whisperer_water_splash_impact_04
7371	dt2_whisperer_egg_spawn_11
7372	dt2_whisperer_area_water_ripple_03
7373	dt2_whisperer_tentacle_death_smoke_p2
7374	dt2_whisperer_water_splash_impact_01
7375	dt2_whisperer_magic_impact_01
7376	dt2_whisperer_teleport_01_whoosh_02
7377	dt2_whisperer_water_splash_impact_02
7378	dt2_whisperer_spawn_water_splash_01
7379	dt2_whisperer_central_water_impact_02
7380	dt2_whisperer_spawn_tail_whip_02
7381	dt2_whisperer_walk_04
7382	dt2_whisperer_all_eggs_hatch_lavrae_return_02
7383	dt2_whisperer_souls_landing_02
7384	dt2_whisperer_spawn_head_appear_01
7385	dt2_whisperer_melee_right_woosh_02
7386	dt2_whisperer_egg_hatch_03
7387	dt2_whisperer_ghost_projectile_01
7388	dt2_whisperer_tentacle_ripple_01
7389	dt2_whisperer_melee_left_woosh_04
7390	dt2_whisperer_death_arm_raise_02
7391	dt2_whisperer_death_release_02
7392	dt2_whisperer_egg_spawn_07
7393	dt2_whisperer_walk_1
7394	dt2_whisperer_att_screech_rise_woosh_03
7395	dt2_whisperer_souls_landing_03
7396	dt2_whisperer_all_eggs_hatch_lavrae_return_04
7397	dt2_whisperer_walk_sludge_movement_04
7398	dt2_whisperer_magic_whoosh_04
7399	dt2_whisperer_soul_appear_01
7400	dt2_whisperer_egg_spawn_08
7401	dt2_whisperer_souls_landing_01
7402	dt2_whisperer_spawn_tails
7403	dt2_whisperer_melee_vocal_screech_02
7404	dt2_whisperer_death_scream_03
7405	dt2_whisperer_melee_left_woosh_02
7406	dt2_whisperer_souls_landing_06
7407	dt2_whisperer_egg_squash_01
7408	dt2_whisperer_melee_right_woosh_04
7409	dt2_whisperer_area_water_ripple_02
7410	dt2_whisperer_death_fade_out_01
7411	dt2_whisperer_spawn_head_disappear_01
7412	dt2_whisperer_ghost_projectile_02
7413	dt2_whisperer_leeches_post_charge_04
7414	dt2_whisperer_death_release_01
7415	dt2_whisperer_attack_screech_04
7416	dt2_whisperer_range_impact_01
7417	dt2_whisperer_egg_vanish_05
7418	dt2_whisperer_ranged_projectile_01
7419	dt2_tentacle_centre_splash_seq_01
7420	dt2_whisperer_walk_05
7421	dt2_whisperer_death_arm_raise_01
7422	dt2_whisperer_melee_left_woosh_03
7423	dt2_whisperer_screech_circle_projection_03
7424	dt2_whisperer_tentacle_splash_ripple_04
7425	dt2_whisperer_att_screech_rise_woosh_04
7426	dt2_whisperer_walk_09
7427	dt2_whisperer_spawn_tail_whip_01
7428	dt2_whisperer_egg_vanish_04
7429	dt2_whisperer_egg_spawn_02
7430	dt2_whisperer_att_screech_rise_woosh_01
7431	dt2_whisperer_walk_02
7432	dt2_whisperer_spawn_screech_01
7433	dt2_whisperer_screech_circle_projection_02
7434	dt2_whisperer_green_bind_02
7435	dt2_whisperer_water_splash_05
7436	dt2_whisperer_walk_sludge_movement_01
7437	dt2_whisperer_area_water_ripple_04
7438	dt2_whisperer_tentacle_attack_whoosh_p2_01
7439	dt2_whisperer_tentacle_attack_whoosh_p1_01
7440	dt2_whisperer_tentacle_whip_01
7441	dt2_whisperer_death_scream_02
7442	dt2_whisperer_egg_squash_02
7443	dt2_whisperer_range_charge_06
7444	dt2_whisperer_melee_player_impact_02
7445	dt2_whisperer_range_whoosh_01
7446	dt2_whisperer_range_charge_02
7447	dt2_whisperer_leeches_charge_02
7448	dt2_whisperer_range_charge_04
7449	dt2_whisperer_melee_right_woosh_01
7450	dt2_whisperer_all_eggs_hatch_lavrae_return_03
7451	dt2_whisperer_larvae_02
7452	dt2_whisperer_screech_circle_projection_01
7453	dt2_whisperer_egg_hatch_01
7454	dt2_whisperer_egg_spawn_10
7455	dt2_whisperer_walk_sludge_movement_02
7456	dt2_whisperer_egg_vanish_02
7457	dt2_whisperer_all_eggs_hatch_lavrae_return_01
7458	dt2_whisperer_tentacle_whip_02
7459	dt2_whisperer_attack_tentacles_relax_01
7460	dt2_whisperer_water_splash_02
7461	dt2_whisperer_green_bind_04
7462	dt2_whisperer_soul_projectile_to_whisperer_04
7463	dt2_whisperer_larvae_01
7464	dt2_whisperer_souls_landing_04
7465	dt2_whisperer_magic_whoosh_03
7466	dt2_whisperer_ghost_spawn_proj_01
7467	dt2_whisperer_tentacle_death_01
7468	dt2_whisperer_tentacle_whip_03
7469	dt2_whisperer_central_water_impact_01
7470	dt2_whisperer_egg_spawn_01
7471	dt2_whisperer_range_projectile_01
7472	dt2_whisperer_magic_projectile_03
7473	dt2_whisperer_water_splash_player_impact_05
7474	dt2_whisperer_egg_spawn_03
7475	dt2_whisperer_soul__projectile_to_whisperer
7476	dt2_whisperer_water_splash_04
7477	dt2_whisperer_blade_proectile_02
7478	dt2_whisperer_magic_whoosh_02
7479	dt2_whisperer_spawn_tail_whip
7480	dt2_whisperer_all_eggs_hatch_lavrae_return_06
7482	dt2_whisperer_death_fade_out_04
7483	dt2_whisperer_walk_sludge_movement_03
7484	dt2_whisperer_range_charge_05
7485	bcs_find_key_02
7486	dt2_levboss_lightning_start_01
7487	dt2_whisperer_hit_01
7488	pog_tar_unstick
7489	pog_chest_open
7490	pog_dizzy
7491	pog_spirit_tree_teleport
7492	pog_sulphur_jet
7493	pog_bubbling_sewer
7494	pog_poster_tear
7495	pog_yewnock_hammer
7496	pog_silence1
7497	pog_cave_wind_loop2
7498	pog_poster_glue2
7499	pog_bridge_rotate
7500	pog_yewnock_machine_1
7501	pog_tar_stick2
7502	pow_bowl_ambience1
7503	pog_yewnock_machine_2
7504	pog_mutated_tortoise_death
7505	pog_spirit_tree_teleport_rev
7506	pog_yewnock_machine_3
7507	pog_gas_jet
7508	pog_terror_ranged_attack2
7509	pog_tar_stick1
7510	pog_terror_ranged_attack1
7511	pog_cave_wind_loop
7512	pog_crate_move
7513	pog_mutated_tortoise_hit
7514	pog_mutated_tortoise_attack
7515	pog_glouphrie_reveal
7516	pog_terror_bird_flap
7517	pog_bowl_ring
7518	pow_bowl_ambience2
7519	pog_poster_glue
7520	pog_chest_close
7521	pog_terror_ranged_attack3
7522	pog_terror_bird_squawk
7523	pog_noise
7524	pog_chime_strike
7525	pow_bowl_ambience3
7526	pog_terror_ranged_attack0
7527	pog_bowl_ring2
7528	wotf_pheasant_spawn
7529	wotf_bee_attack
7530	fox_attack_1
7531	wotf_event_complete
7532	wotf_pheasant_collect_egg_fail
7533	wotf_ent_spawn
7534	wotf_pheasant_fly_land
7535	wotf_enchantment_ritual_circle_activate
7536	wotf_bee_hive_build
7537	wotf_pheasant_idle
7538	fox_hit_1
7539	wotf_rainbow_powerup_activate
7540	wotf_generic_leaf_spawn
7541	fox_hit_2
7542	wotf_pheasant_collect_egg
7543	wotf_bee_hive_build_01
7544	wotf_rainbow_despawn
7545	wotf_rainbow_spawn
7546	fox_death
7547	wotf_ent_prune_unsuccess
7548	wotf_bee_hive_build_02
7549	wotf_enchantment_ritual_circle_spawn
7550	wotf_pheasant_fly_away
7551	wotf_rainbow_powerup_recieve
7552	wotf_ent_fs
7553	wotf_ent_prune_success
7554	wotf_bee_hive_build_03
7555	wotf_rainbow_powerup_deactivate
7556	leagues4_executioner_attack_01
7557	leagues4_highlvl_alchemy_01
7558	leagues4_executioner_magic_hit_01
7559	leagues4_player_teleport_pt4_01
7560	leagues4_waystone_loop
7561	leagues4_rejuvenationpool_drink_02
7562	leagues4_player_death_01
7563	leagues4_rejuvenationpool_drink
7564	leagues4_player_teleport_pt3_02
7565	leagues4_lowlvl_alchemy_01
7566	leagues4_rejuvenationpool_loop
7567	leagues4_player_teleport_pt3_01
7568	leagues4_lowlvl_alchemy_02
7569	leagues4_vengence_spell_01
7570	leagues4_player_teleport_pt5_01
7571	leagues4_player_respawn_01
7572	xmas08_player_slide_loop
7573	xmas_23_snowball_projectile_03
7574	xmas_23_snowball_throw_movement_03
7575	xmas_23_snowball_throw_movement_04
7576	xmas_23_snowball_throw_01
7577	xmas_23_gain_beacon_01
7578	xmas_23_gain_beacon_02
7579	xmas_23_snowball_throw_movement_02
7580	xmas_23_antisanta_spawn_blue_pulse_01
7581	xmas_23_snowball_throw_03
7582	xmas_23_snowball_throw_02
7583	xmas_23_gain_beacon_04
7584	xmas_23_snowball_projectile_02
7585	xmas_23_snowball_projectile_01
7586	xmas_23_gain_beacon
7587	xmas_23_gain_beacon_05
7588	xmas_23_gain_beacon_03
7589	xmas_23_snowball_throw_movement_01
7590	xmas_23_antisanta_spawn_blue_pulse_02
7591	xmas_23_antisanta_spawn_blue_pulse_03
7592	xmas_23_antisanta_spawn_blue_pulse_04
7593	xmas_23_spawn_beacon_03
7594	xmas_23_antisanta_de_spawn_pad_02
7595	xmas_23_antisanta_de_spawn_pad_01
7596	xmas_23_get_dense_01
7597	xmas_23_antisanta_spawn_pad_02
7598	xmas_23_antisanta_spawn_blue_pulse_05
7599	xmas_23_spawn_beacon_02
7600	xmas_23_spawn_beacon_01
7601	xmas_23_antisanta_spawn_pad_01
7602	xmas_23_antisanta_spawn_pad_03
7603	xmas_23_hurdle_jump_01
7604	xmas_23_antisanta_spawn_pad_04
7605	xmas_23_antisanta_spawn_pad_05
7606	xmas_23_get_undense_01
7607	xmas_23_antisanta_spawn_blue_pulse_06
7608	xmas_23_hurdle_jump_02
7610	rat_boss_death_roar_01
7611	rat_boss_feeding_idle_06
7612	rat_boss_death_fall_smaller_rats_03
7613	rat_boss_melee_attack_player_impact_11
7614	rat_boss_roar_01
7616	rat_boss_death_fall_03
7617	rat_boss_bone_staff_defend_1
7618	rat_boss_rumble_01
7619	rat_boss_summon_roar_02
7620	rat_boss_magic_attack_impact01
7621	rat_boss_feeding_idle_03
7622	rat_boss_rocks_falling_04
7624	rat_boss_spawn_03
7626	rat_boss_rumble_03
7627	rat_boss_range_attack_02
7629	rat_boss_range_attack_impact01
7630	rat_boss_range_attack_impact02
7631	rat_boss_melee_attack_player_impact_13
7632	rat_boss_stomp_land_03
7634	rat_boss_range_attack_01
7635	rat_boss_death_fall_05
7636	rat_boss_feeding_idle_02
7637	rat_boss_death_roar_02
7638	rat_boss_summon_roar_04
7639	rat_boss_melee_attack_player_impact_10
7640	rat_boss_melee_attack_player_impact_03
7641	rat_boss_rocks_falling_03
7642	rat_boss_range_attack_roar_01
7643	rat_boss_melee_attack_player_impact_14
7645	rat_boss_rats_spawn
7646	rat_boss_feeding_idle_07
7647	rat_boss_magic_attack_projectile01
7648	rat_boss_rumble_05
7651	rat_boss_melee_attack_player_impact_02
7652	rat_boss_rats_spawn1
7654	rat_boss_death_fall_02
7655	player_sewer_pipe_crawl
7657	rat_boss_feeding_idle_05
7658	rat_boss_player_rock_impact_01
7660	rat_boss_spawn_01
7661	rat_boss_melee_attack_player_impact_12
7662	rat_boss_stomp_roar_04
7664	rat_boss_magic_attack_impact02
7665	rat_boss_stomp_jump_02
7666	rat_boss_melee_attack_player_impact_04
7667	rat_boss_rocks_falling_06
7668	rat_boss_melee_attack_player_impact_01
7669	rat_boss_magic_attack_projectile02
7670	rat_boss_magic_attack_impact03
7671	rat_boss_player_rock_impact_03
7672	rat_boss_melee_attack_player_impact_08
7673	rat_boss_footstep_01
7674	rat_boss_range_attack_projectile03
7675	rat_boss_footstep_03_run
7676	rat_boss_enraged_roar_01
7678	rat_boss_footstep_02
7679	rat_boss_feeding_idle_04
7680	rat_boss_summon_roar_01_lower_volume
7681	rat_boss_melee_attack_player_impact_05
7682	rat_boss_magic_attack_projectile04
7683	rat_boss_tail_whoosh_02
7684	rat_boss_stomp_roar_03
7686	rat_boss_range_attack_projectile01
7689	rat_boss_rumble_04
7690	rat_boss_stomp_land_01
7691	rat_boss_rumble_06
7692	rat_boss_magic_attack_projectile03
7693	rat_boss_rocks_falling_05
7694	rat_boss_death_roar_03
7695	rat_boss_attack_magic_01
7696	rat_boss_range_attack_impact03
7697	rat_boss_summon_roar_03
7698	rat_boss_rocks_falling_01
7699	rat_boss_rumble_07
7700	rat_boss_magic_attack_projectile05
7701	rat_boss_rocks_falling_02
7702	rat_boss_rats_spawn2
7703	rat_boss_bone_staff_defend
7704	rat_boss_stomp_jump_03
7705	rat_boss_melee_attack_player_impact_06
7706	rat_boss_rumble_02
7707	rat_boss_summon_roar_01
7708	rat_boss_feeding_idle_08
7709	rat_boss_range_attack_02_part1
7710	rat_boss_death_fall_smaller_rats_02
7712	rat_boss_melee_attack_player_impact_07
7713	rat_boss_range_attack_projectile02
7714	rat_boss_death_fall_06
7715	rat_boss_range_attack_02_part2
7717	rat_boss_rats_spawn3
7718	rat_boss_death_fall_01
7719	rat_boss_stomp_jump_01
7721	rat_boss_stomp_roar_01
7722	rat_boss_range_attack_projectile04
7724	rat_boss_feeding_idle_01
7726	rat_boss_melee_attack_player_impact_09
7727	rat_boss_tail_whoosh_01
7729	rat_boss_player_rock_impact_02
7730	rat_boss_stomp_roar_02
7731	rat_boss_tail_whoosh
7732	rat_boss_death_fall_04
7733	killerwatt_update_sparks_ready_2
7734	killerwatt_update_sparks_ready_1
7735	killerwatt_update_sparks_attack_1
7736	killerwatt_update_sparks_defend_2
7737	killerwatt_update_sparks_defend_3
7738	killerwatt_update_sparks_death
7739	killerwatt_update_sparks_attack_3
7740	killerwatt_update_sparks_attack_2
7741	killerwatt_update_sparks_defend_1
7742	killerwatt_update_sparks_ready_3
7743	step_swamp_gloop_5
7744	torch_crackling_randomsound_2
7745	floorboard_creak_1
7746	torch_crackling
7747	torch_crackling_randomsound_4
7748	barrows_rumbling_3
7749	spooky_sound_placeholder
7750	step_swamp_gloop_2
7751	barrows_rumbling_1
7752	torch_crackling_randomsound_3
7753	barrows_rumbling_2
7754	floorboard_creak_5
7755	torch_crackling_2
7756	spooky_clock_tick
7757	step_swamp_gloop_1
7758	barrows_rumbling_4
7759	floorboard_creak_6
7760	floorboard_creak_4
7761	floorboard_creak_2
7762	step_swamp_gloop_4
7763	floorboard_creak_3
7764	barrows_rumbling_5
7765	torch_crackling_1
7766	torch_crackling_randomsound_1
7767	step_swamp_gloop_3
7768	mah3_heist_cutscene_alarm_gas
7769	mom2_paxe_attack
7770	mah3_heist_alarm
7771	mah3_heist_grapple_hand_05
7772	mom2_rock_golem_defend
7773	mom2_icthlarin_reform
7774	mom2_floor_tile_raise1
7775	mah3_heist_detect_human_spells_loop
7776	mom2_floor_tile_raise3
7777	mah3_heist_grapple_hand_01
7778	mom2_sliding_door_opening1
7779	mom2_skeleton_attack
7780	mom2_tumekan_spawn1
7781	mah3_heist_grapple_hand_04
7782	mom2_het_reform
7783	mom2_crondis_reform
7784	mom2_tumekan_step_4_4
7785	mom2_scarab_scurry
7786	mom2_rock_golem_step2
7787	mah3_falling_rubble_03_Rock3
7788	mah3_falling_rubble_05_Rock5b
7789	mah3_arrav_hit_2
7790	mah3_sewer_electric_02
7791	mah3_heist_grapple_hand_00
7792	mah3_sewer_electric_01
7793	mah3_caponic_jar_berry_add
7794	mah3_caponic_jar_ring_add
7795	mah3_falling_rubble_slide_00
7796	mom2_tumekan_step_2_2
7797	mah3_falling_rubble_02_Rock2b
7798	mah3_caponic_jar_oil_pour
7799	mom2_completion_ping
7800	mom2_rock_golem_death1
7801	mah3_pedestal_heart_beat
7802	mom2_completion_ping2
7803	mah3_sewer_electric_04
7804	mom2_apmeken_reform
7805	mah3_arrav_hit_1
7806	mom2_amascut_reform
7807	mom2_rock_golem_death2
7808	mah3_caponic_jar_heart
7809	mom2_tumekan_step_1_1
7810	mah3_heist_grapple_on_metal
7811	mah3_falling_rubble_03_Rock3b
7812	mom2_rock_golem_step4
7813	mah3_heist_grapple_dismount
7814	mah3_heist_grapple_hand_02
7815	mah3_arrav_hit_3
7816	mah3_sewer_electric_00
7817	mah3_keycode_door_unlock_mechanism
7818	mah3_falling_rubble_01_Rock1
7819	mah3_heist_grapple_fire
7820	mah3_heist_alarm_gas
7821	mah3_rocks_to_rubble
7822	mom2_rock_golem_step1
7823	mom2_tumekan_spawn2
7824	mom2_sliding_door_closing1
7825	mom2_scabaras_reform
7826	mah3_falling_rubble_00_first_impact
7827	mah3_falling_rubble_04_Rock4b
7828	mah3_heist_fire_lasers_loop
7829	mom2_floor_tile_blades
7830	mah3_sewer_electric_03
7831	mah3_falling_rubble_02_Rock2
7832	mom2_rock_golem_step3
7833	mom2_tumekan_death
7834	mom2_rock_golem_attack
7835	mah3_falling_rubble_00_first_impactb
7836	mom2_tumekan_step_3_3
7837	mah3_heist_grapple_hand_03
7838	mom2_floor_tile_raise2
7839	mom2_tumekan_attack
7840	mom2_completion_ping1
7841	mah3_falling_rubble_01_Rock1b
7842	mah3_falling_rubble_04_Rock4
7843	mom2_tumekan_defend
7844	mah3_falling_rubble_slide_01
7845	mah3_falling_rubble_05_Rock5
7846	mah3_sewer_player_electrocuted_00
7847	mom2_spade_attack
7848	zemo_randomsound_zombie_moan_2
7849	zemo_wingflap_300ms
7850	zemo_randomsound_zombie_moan_4
7851	zemo_red_mist_appear
7852	zemo_lightning
7853	zemo_randomsound_zombie_moan_1
7854	zemo_final_zombie_death
7855	zemo_zemouregal_appear
7856	zemo_transform
7857	zemo_rubble
7858	zemo_mystic_furnace_loop
7859	zemo_transform_reverse
7860	zemo_randomsound_zombie_moan_3
7861	zemo_throwing_axe
7862	jaguar_death_02
7863	alpaca_baby_attack_01
7864	alpaca_baby_defend_01
7865	bison_defend_01
7866	jaguar_death_04
7867	alpaca_death_01
7868	boxtrap_jerboa_trapped_approach01
7869	alpaca_defend_01
7870	moth_catch_bare_handed_01
7871	jaguar_defend_04
7872	jaguar_attack_03
7873	boxtrap_jerboa_closing01
7874	jaguar_defend_05
7875	jerboa_attack_01
7876	jerboa_defence_01
7877	jerboa_attack_scream01
7878	jaguar_attack_01
7879	antelope_mele_attack01
7880	alpaca_attack_01
7881	boxtrap_jerboa_closing02
7882	alpaca_baby_death_01
7883	fox_attack_01
7884	jaguar_defend_01
7885	toucan_wing_flap_01
7886	jerboa_attack_impact1
7887	fox_death_01
7888	jerboa_death_01
7889	boxtrap_jerboa_trapped_scream01
7890	antelope_death01
7891	boxtrap_jerboa_backoff01
7892	harpy_eagle_wing_flap_01
7893	fox_defence_01
7894	hunter_fox_death01
7895	jaguar_death_03
7896	bison_attack_01
7897	bison_death_01
7898	antelope_mele_attack_whoosh01
7899	jerboa_attack_jump1
7900	jaguar_attack_whoosh_01
7901	jaguar_death_01
7902	civitas_fountain_dunk_drink02
7903	civitas_fountain_dunk_splash
7904	varlamore_pm_fish_catch_01
7905	varlamore_pm_passageway_teleport
7906	varlamore_pm_ice_spear_special_01
7907	varlamore_pm_passageway_teleport_07
7908	varlamore_pm_ico_hum_01
7909	cockatrice_death_2
7910	varlamore_pm_grimy_lizard_death_mouth_01
7911	varlamore_pm_fish_catch_02
7912	varlamore_pm_lizard_trap_close_01
7913	varlamore_pm_passageway_teleport_04
7914	varlamore_pm_reward_chest_sparkle_02
7915	varlamore_pm_passageway_teleport_06
7916	varlamore_pm_grimy_lizard_attack_spin_01
7917	varlamore_pm_macuahuitl_special_01
7918	varlamore_pm_atlatl_special_impact_01
7919	varlamore_pm_reward_chest_sparkle_03
7920	varlamore_pm_grimy_lizard_death_wriggle_01
7921	varlamore_pm_grimy_lizard_death_body_impact_01
7922	varlamore_pm_grimy_lizard_death_fade_01
7923	varlamore_pm_passageway_teleport_05
7924	varlamore_pm_lizard_trap_place_01
7925	varlamore_pm_rustle_bush_01
7926	varlamore_pm_reward_chest_sparkle_01
7927	varlamore_pm_fish_catch_03
7928	varlamore_pm_passageway_teleport_08
7929	varlamore_pm_grimy_lizard_attack_mouth_01
7930	varlamore_pm_macuahuitl_crush_01
7931	varlamore_pm_reward_chest_sparkle_04
7932	varlamore_pm_atlatl_special_cast_01
7933	wyrm_death_2
7934	varlamore_pm_large_fire_01
7935	varlamore_pm_grimy_lizard_hit_01
7936	varlamore_glaive_remove_charge_01
7937	varlamore_glaive_uncharged_special_throw_spin_01
7938	varlamore_glaive_uncharged_special_throw_whoosh_01
7939	varlamore_glaive_charged_special_throw_01
7940	varlamore_glaive_regular_throw_whoosh_01
7941	varlamore_glaive_projectile_01
7942	varlamore_glaive_charged_special_throw_whoosh_01
7943	varlamore_glaive_charged_special_throw_spin_01
7944	varlamore_glaive_charged_special_throw_impact_01
7945	varlamore_glaive_uncharged_special_throw_impact_01
7946	varlamore_glaive_add_charge_01
7947	varl_audio_shockwave_colossi_projectile_01
7948	varl_audio_shockwave_colossi_charge_03
7949	varl_audio_shockwave_colossi_open_arms_02
7950	varl_audio_shockwave_colossi_charge_01
7951	varl_audio_shockwave_colossi_whoosh_01
7952	varl_audio_shockwave_colossi_projectile_03
7953	varl_audio_shockwave_colossi_step_01
7954	varl_audio_shockwave_colossi_projectile_02
7955	varl_audio_shockwave_death_impact_01
7956	varl_audio_shockwave_colossi_charge_02
7957	varl_audio_shockwave_colossi_step_02
7958	varl_audio_shockwave_colossi_clap_01
7959	varl_audio_shockwave_death_impact_02
7960	varl_audio_shockwave_colossi_open_arms_01
7961	varlamore_fremennik_mage_fire_hit_01
7962	varlamore_fremennik_mage_fire_cast_01
7963	varl_audio_modifier_solar_flare_movement_01
7964	varl_audio_modifier_bee_swarm_spawn04
7965	varl_audio_modifier_totem_idle_start
7966	varl_audio_modifier_bee_swarm01
7967	varl_audio_modifier_volatility_large_01
7968	varl_audio_modifier_claim_06
7969	varl_audio_modifier_bee_swarm_attack01
7970	varl_audio_modifier_volatility_02
7971	varl_audio_modifier_claim_chest_drop_04
7972	varl_audio_modifier_glory_03
7973	varl_audio_modifier_lava_spawn_06
7974	varl_audio_modifier_bee_swarm_jar_break02
7975	varl_audio_modifier_claim_03
7976	varl_audio_modifier_totem_impact
7977	varl_audio_modifier_continue_04
7978	varl_audio_modifier_claim_01
7979	varl_audio_modifier_solar_flare_movement_02
7980	varl_audio_modifier_solar_flare_spawn_03
7981	varl_audio_modifier_claim_02
7982	varl_audio_modifier_continue_01
7983	varl_audio_modifier_bee_swarm_jar_break02_b
7984	varl_audio_modifier_glory_02
7985	varl_audio_modifier_bee_swarm_spawn
7986	varl_audio_modifier_options_hover_02
7987	varl_audio_modifier_lava_spawn_04_large
7988	varl_audio_modifier_lava_spawn_01
7989	varl_audio_modifier_bee_swarm_attack06
7990	varl_audio_modifier_continue_06
7991	varl_audio_modifier_lava_spawn_06_large
7992	varl_audio_modifier_volatility_large_02
7993	varl_audio_modifier_volatility_large
7994	varl_audio_modifier_glory_01
7995	varl_audio_modifier_solar_flare_movement_03
7996	varl_audio_modifier_continue_11
7997	varl_audio_modifier_continue_10
7998	varl_audio_modifier_claim_11
7999	varl_audio_modifier_bee_swarm_attack05
8000	varl_audio_modifier_totem_projectile
8001	varl_audio_modifier_claim_05
8002	varl_audio_modifier_continue_03
8003	varl_audio_modifier_continue_08
8004	varl_audio_modifier_lava_spawn_03
8005	varl_audio_modifier_continue_05
8006	varl_audio_modifier_totem_attack
8007	varl_audio_modifier_bee_swarm_despawn01
8008	varl_audio_modifier_bee_swarm_spawn03
8009	varl_audio_modifier_volatility_01
8010	varl_audio_modifier_continue_12
8011	varl_audio_modifier_solar_flare_spawn_02
8012	varl_audio_modifier_volatility
8013	varl_audio_modifier_continue_02
8014	varl_audio_modifier_glory_04
8015	varl_audio_modifier_continue_07
8016	varl_audio_modifier_bee_swarm_jar_falling_01
8017	varl_audio_modifier_lava_spawn_03_large
8018	varl_audio_modifier_claim_04
8019	varl_audio_modifier_totem_idle
8020	varl_audio_modifier_continue_09
8021	varl_audio_modifier_options_hover_01
8022	varl_audio_modifier_lava_spawn_04
8023	varl_audio_modifier_claim_07
8024	doom_snail_player_death_d_01
8025	doom_player_impact03
8026	doom_player_impact01
8027	doom_snail_player_death_a_01
8028	doom_player_impact02
8029	doom_snail_player_impact03
8030	doom_snail_player_death_a_02
8031	doom_snail_player_death_b_01
8032	doom_snail_player_death_c_01
8033	varl_minotaur_boss_death_growl_01
8034	varl_minotaur_boss_spawn_fs_01
8035	varl_minotaur_boss_defend_growl_01
8036	varl_minotaur_boss_fs_02
8037	varl_minotaur_boss_attack_magic_heal_cast_01
8038	varl_minotaur_boss_spawn_growl_01
8039	varl_minotaur_boss_fs_01
8040	varl_minotaur_boss_death_fade_01
8041	varl_minotaur_boss_magic_heal_01
8042	varl_minotaur_boss_attack_magic_heal_growl_01
8043	varl_minotaur_boss_spawn_magic_01
8044	varl_minotaur_boss_attack_melee_01
8045	varl_minotaur_boss_spawn_fs_02
8046	varl_minotaur_boss_attack_magic_heal_charge_01
8047	varl_colossi_boss_melee_attack_telegraph_stab_08
8048	varl_colossi_boss_death_metallic_impact_10
8049	varl_colossi_arena_jump_metal_02
8050	varl_colossi_totem_first_beam_09
8051	varl_colossi_boss_melee_attack_telegraph_footstep_09
8052	varl_grapple_att_arm_lunge_02
8053	varl_colossi_crystal_beam_yellow_circle_spawn_05
8054	varl_colossi_boss_shieldslam_arm_prep_03
8055	varl_colossi_boss_melee_attack_telegraph_dislodge_02
8056	varl_colossi_boss_melee_attack_telegraph_trident_end_move_05
8057	varl_colossi_boss_melee_attack_telegraph_stab_impact_05
8058	varl_colossi_boss_melee_attack_telegraph_stab_impact_02
8059	varl_colossi_crystal_beam_yellow_top_proj_01
8060	varl_colossi_tripleattack_first_rumble_02
8061	varl_colossi_trident_release_01
8062	varlamore_colossi_boss_clap_attack_01
8063	varl_colossi_boss_shield_drop_impact_02
8064	varl_colossi_arena_land_rumble_01
8065	varl_grapple_att_arm_impact_step_01
8066	varl_grapple_att_arm_lunge_03
8067	varl_colossi_arena_jump_high_wind_03
8068	varl_colossi_boss_death_first_shield_drop_02
8069	varl_colossi_boss_death_second_fall_02
8070	varl_colossi_crystal_beam_crystal_spawn_01
8071	varl_colossi_arena_land_metal_impact2_02
8072	varl_colossi_tripleattack_final_stab_whoosh_01
8073	varl_colossi_boss_melee_attack_telegraph_charge_13
8074	varl_colossi_tripleattack_shorter_impact_03
8075	varl_colossi_boss_grapple_attack_first_shield_drop_01
8076	varl_colossi_tripleattack_first_rumble_01
8077	varl_colossi_tripleattack_final_dislodge_01
8078	varl_colossi_boss_melee_attack_telegraph_charge_05
8079	varl_colossi_boss_melee_attack_telegraph_footstep_08
8080	varl_colossi_arena_jump_high_wind_01
8081	varl_grapple_att_arm_return_bass_02
8082	varl_colossi_tripleattack_trident_stab_02
8083	varl_colossi_tripleattack_charge_05
8084	varl_grapple_att_arm_footstep_04
8085	varl_colossi_boss_hiss_02
8086	varl_colossi_boss_melee_attack_telegraph_charge_03
8087	varl_colossi_boss_melee_attack_telegraph_stab_01
8088	varl_colossi_boss_melee_attack_telegraph_lunge_03
8089	varl_colossi_arena_ground_rumble_01
8090	varl_colossi_boss_death_second_fall_01
8091	varl_colossi_tripleattack_shorter_metal_impact_01
8092	varl_colossi_boss_melee_attack_telegraph_stab_02
8093	varl_colossi_crystal_beam_yellow_top_proj_11
8094	varl_grapple_att_arm_shield_floor_impact_03
8095	varl_colossi_back_break_02
8096	varl_colossi_boss_melee_attack_telegraph_dislodge_01
8097	varl_colossi_boss_melee_attack_telegraph_bass_02
8098	varl_colossi_boss_death_metallic_impact_03
8099	varl_colossi_boss_melee_attack_telegraph_charge_01
8100	explosion_05
8101	varl_colossi_arena_jump_take_off_02
8102	varl_colossi_boss_melee_attack_telegraph_charge_06
8103	varl_colossi_boss_melee_attack_telegraph_bass_01
8104	varl_colossi_crystal_beam_yellow_circle_spawn_03
8105	varl_colossi_boss_death_first_fall_03
8106	varl_colossi_arena_land_metal_impact_01
8107	varl_colossi_boss_footsteps_03
8108	varl_colossi_totem_first_beam_05
8109	varl_colossi_boss_melee_attack_telegraph_trident_end_move_03
8110	varl_colossi_crystal_beam_spawn_01
8111	varl_colossi_crystal_beam_yellow_top_proj_03
8112	varl_colossi_tripleattack_charge_04
8113	varl_colossi_tripleattack_mid_charge_01
8114	varl_grapple_att_arm_return_bass_01
8115	varl_colossi_boss_death_ringing_02
8116	varl_colossi_tripleattack_first_impact_01
8117	varl_colossi_boss_short_hiss_02
8118	varl_colossi_boss_footsteps_02
8119	varl_colossi_boss_death_metallic_impact_09
8120	varl_colossi_boss_melee_attack_telegraph_charge_02
8121	varl_colossi_boss_melee_attack_telegraph_stab_impact_01
8122	varl_colossi_boss_death_metallic_impact_02
8123	varl_colossi_boss_melee_attack_telegraph_stab_03
8124	varl_colossi_tripleattack_end_whoosh_01
8125	varl_colossi_tripleattack_end_rumble_01
8126	varl_colossi_boss_death_second_fall_03
8127	varl_colossi_boss_melee_attack_telegraph_lunge_01
8128	varl_colossi_arena_jump_speed_wind_01
8129	varl_grapple_att_arm_shield_floor_impact_05
8130	varl_colossi_boss_death_metallic_impact_08
8131	varl_colossi_boss_melee_attack_telegraph_dislodge_06
8132	varl_colossi_boss_death_metallic_impact_04
8133	varl_colossi_boss_death_whoosh_01
8134	varl_colossi_tripleattack_trident_2nd_whoosh_02
8135	varl_colossi_boss_melee_attack_telegraph_footstep_03
8136	varl_colossi_totem_line_fuse_hiss_explosion_06
8137	varl_colossi_boss_melee_attack_telegraph_back_footstep_01
8138	varl_colossi_boss_death_metallic_impact_06
8139	varl_colossi_boss_melee_attack_telegraph_bass_step_01
8140	varl_colossi_tripleattack_shorter_impact_02
8141	varl_colossi_tripleattack_final_dislodge_05
8142	varl_colossi_arena_jump_bass_01
8143	varl_colossi_boss_footsteps_06
8144	varl_colossi_crystal_beam_yellow_top_proj_04
8145	varl_colossi_boss_shield_drop_impact_03
8146	varl_grapple_att_arm_lunge_01
8147	varl_colossi_boss_melee_attack_telegraph_charge_16
8148	varl_colossi_boss_shieldslam_charge_05
8149	varl_colossi_arena_land_metal_impact2_01
8150	varl_colossi_boss_shieldslam_charge_06
8151	varl_colossi_totem_first_beam_07
8152	varl_colossi_totem_line_fuse_hiss_02
8153	varl_colossi_boss_melee_attack_telegraph_charge_08
8154	varl_colossi_boss_shieldslam_charge_01
8155	varl_colossi_boss_melee_attack_telegraph_stab_impact_03
8156	varl_grapple_att_arm_footstep_02
8157	varl_colossi_boss_death_whoosh_03
8158	varl_colossi_tripleattack_shorter_bass_ripples_01
8159	varl_grapple_att_arm_footstep_0
8160	varl_colossi_boss_melee_attack_telegraph_footstep_02
8161	varl_colossi_arena_jump_low_wind_03
8162	varl_colossi_boss_melee_attack_telegraph_stab_impact_04
8163	varl_colossi_boss_melee_attack_telegraph_charge_15
8164	varl_colossi_crystal_proj_spawn_01
8165	varl_colossi_boss_melee_attack_telegraph_back_footstep_02
8166	varl_colossi_tripleattack_end_whoosh_02
8167	varl_colossi_arena_land_metal_impact_02
8168	varl_colossi_boss_melee_attack_telegraph_trident_end_move_02
8169	varl_colossi_boss_melee_attack_telegraph_footstep_06
8170	varl_colossi_boss_melee_attack_telegraph_trident_end_move_14
8171	varl_colossi_tripleattack_shorter_end_impact_01
8172	varl_colossi_arena_jump_low_wind_05
8173	varl_colossi_tripleattack_final_dislodge_04
8174	varl_colossi_boss_shield_drop_impact_01
8175	varl_colossi_boss_death_metallic_impact_05
8176	varl_colossi_arena_jump_high_wind_04
8177	varl_colossi_boss_death_metallic_impact_07
8178	varl_colossi_tripleattack_charge_07
8179	varl_colossi_crystal_beam_yellow_circle_spawn_01
8180	varl_colossi_boss_hiss_03
8181	varl_colossi_tripleattack_trident_stab_01
8182	varl_colossi_tripleattack_final_dislodge_06
8183	varl_colossi_tripleattack_shorter_end_rumble_02
8184	varl_colossi_boss_short_hiss_01
8185	varl_colossi_arena_jump_low_wind_04
8186	varl_grapple_att_arm_shield_floor_impact_06
8187	varl_colossi_tripleattack_intro_01
8188	varl_colossi_tripleattack_shorter_end_rumble_01
8189	varl_colossi_boss_shieldslam_charge_03
8190	varl_colossi_tripleattack_trident_stab_03
8191	varl_colossi_tripleattack_long_end_impact_02
8192	varl_colossi_arena_jump_take_off_01
8193	varl_colossi_crystal_beam_yellow_top_proj_06
8194	varl_grapple_att_arm_footstep_03
8195	varl_colossi_boss_melee_attack_telegraph_footstep_01
8196	varl_colossi_tripleattack_final_dislodge_02
8197	varl_colossi_tripleattack_metal_intro_03
8198	varl_colossi_tripleattack_first_whoosh_02
8199	varl_colossi_crystal_beam_yellow_top_proj_09
8200	varl_colossi_arena_jump_low_wind_01
8201	varl_colossi_crystal_beam_yellow_top_proj_10
8202	varl_colossi_arena_jump_high_wind_02
8203	varl_colossi_arena_land_metal_impact2_03
8204	varl_colossi_boss_footsteps_05
8205	varl_colossi_crystal_beam_yellow_circle_spawn_04
8206	varl_colossi_boss_melee_attack_telegraph_bass_03
8207	varl_colossi_boss_melee_attack_telegraph_charge_04
8208	varl_colossi_boss_melee_attack_telegraph_footstep_07
8209	varl_colossi_crystal_beam_yellow_top_proj_05
8210	varl_colossi_tripleattack_final_dislodge_03
8211	varl_colossi_tripleattack_metal_intro_01
8212	varl_colossi_boss_death_metallic_impact_01
8213	varl_colossi_totem_line_fuse_hiss_explosion_07
8214	varl_colossi_boss_death_first_fall_02
8215	varl_colossi_boss_melee_attack_telegraph_footstep_04
8216	varl_colossi_boss_footsteps_07
8217	varl_colossi_tripleattack_charge_03
8218	varl_colossi_tripleattack_mid_charge_02
8219	varl_grapple_att_arm_shield_floor_impact_01
8220	varl_colossi_boss_hiss_03b
8221	varl_colossi_boss_melee_attack_telegraph_trident_end_move_07
8222	varl_colossi_boss_melee_attack_telegraph_trident_end_move_06
8223	explosion_04
8224	varl_colossi_boss_melee_attack_telegraph_stab_metal_02
8225	varl_colossi_back_break_01
8226	varl_grapple_att_arm_shield_floor_impact_02
8227	varl_colossi_crystal_beam_yellow_top_proj_07
8228	varl_colossi_crystal_beam_yellow_top_proj_08
8229	varl_colossi_tripleattack_final_stab_whoosh_05
8230	varl_colossi_totem_beam_explosion_01
8231	varl_colossi_totem_first_beam_06
8232	varl_colossi_boss_melee_attack_telegraph_trident_end_move_01
8233	varl_colossi_boss_shieldslam_charge_04
8234	varl_colossi_boss_footsteps_01
8235	varl_colossi_totem_first_beam_02
8236	varl_colossi_crystal_beam_yellow_top_proj_02
8237	varl_colossi_arena_jump_whoosh_01
8238	varl_colossi_boss_melee_attack_telegraph_charge_07
8239	varl_colossi_crystal_proj_spawn_02
8240	varl_colossi_boss_melee_attack_telegraph_trident_end_move_10
8241	varl_grapple_att_arm_bass_01
8242	varl_colossi_tripleattack_metallic_ending_stab_01
8243	varl_colossi_boss_death_second_fall_05
8244	varl_colossi_boss_death_second_fall_06
8245	explosion_07
8246	varl_colossi_crystal_proj_spawn_bass_01
8247	varl_colossi_totem_first_beam_03
8248	varl_colossi_boss_footsteps_08
8249	varl_colossi_totem_line_fuse_hiss_01
8250	metalic_impact_01
8251	varl_colossi_tripleattack_charge_01
8252	explosion_01
8253	varl_colossi_totem_first_beam_10
8254	varl_colossi_arena_delayed_take_off_01
8255	varl_colossi_boss_death_first_shield_drop_01
8256	varl_colossi_arena_land_impact_01
8257	varl_grapple_att_arm_footstep_01
8258	varl_colossi_arena_ground_rumble_02
8259	varl_colossi_totem_first_beam_01
8260	varl_colossi_boss_shieldslam_slam_02
8261	varl_colossi_tripleattack_trident_2nd_whoosh_01
8262	varl_colossi_arena_land_impact_02
8263	varl_colossi_boss_death_ringing_01
8264	varl_colossi_boss_melee_attack_telegraph_dislodge_04
8265	varl_colossi_tripleattack_charge_02
8266	varl_grapple_att_arm_bass_02
8267	varl_colossi_boss_melee_attack_telegraph_charge_12
8269	varl_grapple_att_arm_shield_floor_impact_04
8270	varl_colossi_tripleattack_long_end_impact_01
8271	varl_colossi_boss_hiss_01
8272	varl_colossi_boss_melee_attack_telegraph_dislodge_03
8273	explosion_03
8274	varl_colossi_tripleattack_small_charge_01
8275	varl_colossi_tripleattack_trident_2nd_whoosh_03
8276	varl_colossi_arena_jump_speed_wind_02
8277	varl_grapple_att_arm_footstep_06
8278	varl_grapple_att_arm_arm_return_01
8279	varl_colossi_arena_ground_rumble_04
8280	varl_colossi_boss_death_second_fall_04
8281	varl_colossi_arena_ground_rumble_03
8282	varl_colossi_boss_shieldslam_slam_01
8283	varl_colossi_boss_triple_attack_footstep_01
8284	varl_colossi_boss_death_land_rumble_01
8285	varl_colossi_boss_melee_attack_telegraph_charge_10
8286	varl_colossi_boss_short_hiss_04
8287	varl_colossi_tripleattack_first_whoosh_01
8288	varl_colossi_boss_melee_attack_telegraph_stab_metal_01
8289	varl_colossi_arena_ground_rumble_05
8290	varl_colossi_boss_grapple_attack_shield_drop_01
8291	varl_colossi_boss_melee_attack_telegraph_lunge_04
8292	varl_colossi_crystal_beam_yellow_circle_spawn_02
8293	varl_colossi_tripleattack_shorter_end_rumble_03
8294	varl_colossi_boss_melee_attack_telegraph_charge_09
8295	varl_colossi_arena_jump_low_wind_02
8296	explosion_06
8297	varl_colossi_arena_jump_metal_01
8298	varl_grapple_att_arm_footstep_07
8299	varl_colossi_totem_first_beam_04
8300	varl_colossi_boss_death_first_shield_drop_03
8301	varl_colossi_totem_first_beam_08
8302	varl_colossi_boss_melee_attack_telegraph_trident_end_move_09
8303	varl_colossi_boss_melee_attack_telegraph_charge_14
8304	varl_colossi_boss_hiss_04
8305	varl_colossi_tripleattack_trident_whoosh_03
8306	varl_colossi_totem_line_fuse_hiss_explosion_04
8307	varl_colossi_tripleattack_shorter_impact_01
8308	varl_colossi_boss_melee_attack_telegraph_stab_impact_06
8309	explosion_02
8310	varl_colossi_boss_shieldslam_arm_prep_02
8311	varl_colossi_tripleattack_intro_02
8312	varl_colossi_tripleattack_metal_intro_02
8313	varl_colossi_totem_line_fuse_hiss_explosion_05
8314	varl_colossi_tripleattack_final_stab_01
8315	varl_colossi_boss_melee_attack_telegraph_dislodge_05
8316	varl_colossi_boss_death_whoosh_02
8317	varl_colossi_tripleattack_charge_06
8318	varl_colossi_boss_shieldslam_charge_02
8319	varl_colossi_boss_melee_attack_telegraph_trident_end_move_11
8320	varl_colossi_boss_melee_attack_telegraph_stab_04
8321	varl_colossi_tripleattack_trident_whoosh_02
8322	varl_colossi_boss_shieldslam_arm_prep_04
8323	varl_colossi_boss_death_first_fall_01
8324	varl_colossi_boss_death_first_shield_drop_04
8325	varl_colossi_boss_melee_attack_telegraph_lunge_02
8326	varl_colossi_boss_shieldslam_arm_prep_01
8327	varl_colossi_boss_triple_attack_footstep_02
8328	varl_colossi_boss_melee_attack_telegraph_trident_end_move_08
8329	varl_grapple_att_charge_01
8330	varl_colossi_tripleattack_trident_whoosh_01
8331	varl_colossi_boss_melee_attack_telegraph_lunge_05
8332	varl_colossi_boss_footsteps_04
8333	varl_colossi_boss_melee_attack_telegraph_trident_end_move_04
8334	varl_colossi_tripleattack_final_stab_whoosh_04
8335	varl_colossi_boss_melee_attack_telegraph_charge_11
8336	varl_colossi_boss_melee_attack_telegraph_footstep_05
8337	varl_colossi_boss_death_first_whoosh_01
8338	varl_serpent_shaman_water_cast_01
8339	varl_serpent_shaman_water_impact_01
8340	varlamore_colossi_javelin_artillery_attack_whoosh_01
8341	varlamore_javelin_colossi_appear_01
8342	varlamore_javelin_colossi_fs_03
8343	varlamore_javelin_colossi_fs_04
8344	varlamore_javelin_colossi_fs_02
8345	varlamore_colossi_death_spear_drop_01
8346	varlamore_colossi_javelin_artillery_attack_fs_01
8347	varlamore_javelin_colossi_range_fs_01
8348	varlamore_colossi_javelin_range_attack_hit_player_01
8349	varlamore_colossi_death_growl_01
8350	varlamore_colossi_javelin_artillery_attack_grab_01
8351	varlamore_javelin_colossi_fs_01
8352	varlamore_colossi_javelin_range_attack_hit_floor_01
8353	varlamore_colossi_javelin_hit_01
8354	varlamore_javelin_colossi_fs_05
8355	varlamore_colossi_javelin_range_attack_fs_01
8356	varlamore_colossi_javelin_artillery_attack_falling_whoosh_01
8357	varlamore_colossi_javelin_range_attack_grab_01
8358	varlamore_colossi_death_body_impact_01
8359	varlamore_jaguar_warrior_spear_swipe_02
8360	varlamore_jaguar_warrior_shield_swipe_01
8361	varlamore_jaguar_warrior_spear_swipe_01
8362	manticore_projectile01_impact_07
8363	manticore_footstep01
8364	manticore_projectile01_impact_02
8365	manticore_triple_throw_whoosh04
8366	manticore_triple_throw_whoosh03
8367	manticore_projectile01_impact_06
8368	manticore_projectile01_impact_05
8369	manticore_footstep03
8370	manticore_projectile01_impact_12
8371	manticore_projectile01_impact
8372	manticore_projectile01_impact_08
8373	manticore_death_roar02
8374	manticore_triple_throw_whoosh05
8375	manticore_projectile01_impact_11
8376	manticore_projectile01_02
8377	manticore_projectile01_impact_10
8378	manticore_death_roar01
8379	manticore_projectile03_impact_02
8380	manticore_projectile02_impact_04
8381	manticore_triple_charge_roar_02
8382	manticore_triple_throw_projectile01
8383	manticore_projectile03
8384	manticore_triple_charge03
8385	manticore_projectile01_impact_03
8386	manticore_projectile02_impact_02
8387	manticore_triple_charge02
8388	manticore_triple_throw_projectile02
8389	manticore_projectile03_impact_03
8390	manticore_footstep02
8391	manticore_projectile01_impact_09
8392	manticore_triple_throw_whoosh01
8393	manticore_projectile02_02
8394	manticore_triple_charge_roar_01
8395	manticore_projectile03_02
8396	manticore_death_impact02
8397	manticore_projectile01_impact_04
8398	manticore_projectile02_impact
8399	manticore_projectile03_impact_04
8400	manticore_projectile02
8401	manticore_triple_throw_whoosh02
8402	manticore_projectile02_impact_03
8403	manticore_death_impact03
8404	manticore_triple_throw_whoosh06
8405	manticore_triple_charge01
8406	manticore_projectile01
8407	manticore_death_impact01
8408	manticore_projectile03_impact
8409	manticore_footstep04
8410	varlamore_thieving_ring_doorbell_01
8411	ui_03
8412	quetzal_map_open_01
8413	quetzal_map_open_02
8414	quetzal_map_close_02
8415	quetzal_map_select_01
8416	quetzal_map_close_01
8417	varl_wood_creak_01
8418	varl_hunter_guild_bar_rumble_03
8419	varl_hunter_guild_bar_rumble_02
8420	varl_hunter_guild_bar_rumble_01
8421	varlamore_cave_entrance_rocks_01
8422	varl_rock_crumble_02
8423	varl_wood_creak_04
8424	varl_outskirts_bird_tweet_02
8425	varl_tropical_bird_04
8426	varlamore_cave_entrance_hum_01
8427	varl_calm_ocean_waves_no_sqeaks_02
8428	varl_bubbling_stream_03
8429	varl_bridge_creak_03
8430	varl_savannah_wind_04
8431	varl_bison_grunt_03
8432	varl_rockface_low_bed_01
8433	varl_crow_04
8434	varl_capybara_squeak_02
8435	varl_tree_movement_01
8436	varl_snake_rattle_02
8437	varl_small_bird_tweet_03
8438	varl_flies_01
8439	varl_quetzel_petting_01
8440	varl_water_lap_03
8441	varl_wood_creak_06
8442	varl_snake_rattle_03
8443	varl_tree_movement_03
8444	varl_woodpecker_01
8445	varl_waterfall_03
8446	varl_wood_creak
8447	varl_crow_01
8448	varl_gentle_wind_bed_03
8449	varl_small_bird_tweet_03_01
8450	varl_small_bird_tweet_02_01
8451	varl_wood_creak_02
8452	varl_rock_crumble_01
8453	varl_bubbling_stream_04
8454	varl_strong_wind_bed_02
8455	varlamore_cave_entrance_rocks_04
8456	varlarmore_pond_insect_bed_01
8457	varl_bison_grunt_04
8458	varlarmore_pond_frog_02
8459	varl_rope_creak_01
8460	varl_capybara_squeak_04
8461	varl_small_bird_tweet_04
8462	varlarmore_pond_frog_03
8463	varlamore_colosseum_wind_02
8464	varl_rope_creak_02
8465	varl_mouse_squeak_04
8466	varl_snake_hiss_01
8467	varl_rock_crumble_06
8468	varl_mouse_squeak_01
8469	varl_snake_hiss_02
8470	varl_strong_wind_bed_03
8471	varl_crow_03
8472	varl_harpy_eagle_scream_01
8473	varl_gentle_wind_bed_02
8474	varl_tropical_bird_01
8475	varl_rock_crumble_05
8476	varl_snow_crunch_03
8477	varl_snake_hiss_03
8478	varl_cold_high_wind_02
8479	varl_flies_04
8480	varl_strong_wind_bed_01_02
8481	varl_mouse_squeak_02
8482	varl_harpy_eagle_scream_02
8483	varl_snake_rattle_04
8484	varlamore_colosseum_wind_04
8485	varl_ocean_shore_01
8486	varl_ocean_shore_03
8487	varl_quetzel_happy_01
8488	varl_rockface_wind_01
8489	varl_snake_rattle_01
8490	varl_rock_crumble_04
8491	varl_snow_crunch_01
8492	varl_coastal_wind_01
8493	varl_bison_grunt_01
8494	varl_bare_trees_creak_02
8495	varl_harpy_eagle_scream_04
8496	varl_rope_creak_03
8497	varlamore_colosseum_wind_03
8498	varl_waterfall_01
8499	varl_capybara_squeak_01
8500	varl_flies_03
8501	varl_quetzal_wing_flap02
8502	varl_tropical_bird_05
8503	varl_woodpecker_02
8504	varl_bees_01
8505	varl_tropical_bird_02
8506	varl_savannah_wind_02
8507	varl_snake_hiss_04
8508	varl_dwarven_city_wind_02
8509	varl_dwarven_city_wind_03
8510	varl_dwarven_city_rumble_03
8511	varl_dwarven_city_rumble_04
8512	varl_dwarven_city_wind_04
8513	varl_dwarven_city_rumble_01
8514	varl_dwarven_city_wind_01
8515	varl_dwarven_city_rumble_02
8516	varl_rock_pool_bubbles_03
8517	varl_quetzal_wing_flap_pet01
8518	varl_small_bird_tweet_01
8519	alpaca_baa_04
8520	varlamore_colosseum_wind_01
8521	varl_strong_wind_bed_02_02
8522	varl_rockface_wind_02
8523	varl_outskirts_bird_tweet_03
8524	varl_cold_high_wind_03_01
8525	varl_quetzel_02
8526	varl_statues_water_pour_01
8527	varl_rock_crumble_03
8528	varl_capybara_squeak_03
8529	varl_cave_face_wind_01
8530	varl_calm_ocean_waves_02
8531	varl_calm_ocean_waves_01
8532	varl_harpy_eagle_scream_03
8533	varl_calm_ocean_waves_no_sqeaks_03
8534	varlarmore_cicadas_01
8535	varl_dry_leaves_rustle_03
8536	varl_crow_02
8537	varl_small_bird_tweet_01_01
8538	varlarmore_pond_frog_01
8539	varl_bare_trees_creak_03
8540	varl_ocean_shore_02
8541	varl_calm_ocean_waves_no_sqeaks_01
8542	varl_strong_wind_bed_03_02
8543	varlamore_seagul_call_03
8544	varl_rock_pool_bubbles_01
8545	varl_savannah_wind_03
8546	varl_calm_ocean_waves_03
8547	varl_flies_02
8548	varl_quetzal_attack_pet01
8549	varl_quetzel_peck_01
8550	varl_cold_high_wind_01
8551	varl_dry_leaves_rustle_02
8552	varl_quetzal_whoosh_up_08
8553	varl_rockface_wind_03
8554	varl_rock_pool_bubbles_02
8555	varl_bare_trees_creak_01
8556	varl_waterfall_02
8557	varl_flies_05
8558	varl_bubbling_stream_02
8559	varlamore_cave_entrance_rocks_03
8560	varl_tropical_bird_03
8561	varl_wood_creak_03
8562	varl_bubbling_stream_05
8563	varlamore_seagul_call_02
8565	varlamore_cave_entrance_rocks_02
8566	varl_dry_leaves_rustle_01_01
8567	varl_quetzal_wing_flap03
8568	varlamore_seagul_call_01
8569	varl_water_lap_01
8570	varl_dry_leaves_rustle_03_01
8571	varl_cold_high_wind_03
8572	varl_dry_leaves_rustle_02_01
8573	alpaca_baa_03
8574	varl_tree_movement_02
8575	varl_bridge_creak_01
8576	varl_bison_grunt_02
8577	varl_snow_crunch_02
8578	varl_quetzal_fly_away_01
8579	varl_cold_high_wind_01_01
8580	varlarmore_pond_frog_04
8581	varl_quetzel_01
8582	alpaca_baa_02
8583	varl_quetzal_whistle_02
8584	varl_bubbling_stream_01
8585	alpaca_baa_01
8586	varl_mouse_squeak_03
8587	varl_quetzel_03
8588	varl_wood_creak_05
8589	varl_strong_wind_bed_01
8590	varlarmore_pond_frog_05
8591	varlarmore_ice_wind_01
8592	varl_dry_leaves_rustle_01
8593	varl_insects_01
8594	varl_bridge_creak_02
8595	varl_quetzel_happy_03
8596	varl_outskirts_bird_tweet_01
8597	varl_small_bird_tweet_02
8598	varl_water_lap_02
8599	varl_cold_high_wind_02_01
8600	varl_gentle_wind_bed_01
8601	varl_small_bird_tweet_04_01
8602	varl_woodpecker_03
8603	varl_quetzal_wing_flap01
8604	varl_savannah_wind_01
8605	varl_slayer_nagua_melee_swipe_02
8606	varl_pm_eclipse_ending_woosh_01
8607	varl_pm_eclipse_teleport_idle_appear_02
8608	varl_pm_eclipse_ending_woosh_03
8609	varl_pm_eclipse_teleport_idle_appear_04
8610	varl_pm_eclipse_spawn_first_whoosh_02
8611	varl_pm_eclipse_projectile_player_impact_01
8612	varl_pm_eclipse_spawn_ending_whoosh_03
8613	varl_pm_eclipse_sphere_despawn_04
8614	varl_pm_eclipse_magic_arm_raise_02
8615	varl_pm_eclipse_sphere_despawn_07
8616	varl_pm_eclipse_melee_swipe_03
8617	varl_pm_eclipse_melee_engage_01
8618	varl_pm_eclipse_magic_projectile_01
8619	varl_pm_eclipse_spawn_first_whoosh_03
8620	varl_pm_eclipse_sphere_impact_01
8621	varl_pm_eclipse_ending_stutter_04
8622	varl_pm_eclipse_beam_bass_pulse_01
8623	varl_pm_eclipse_ending_head_turn_01
8624	varl_pm_eclipse_melee_combo_swipe_03
8625	varl_pm_eclipse_sphere_spawn_05
8626	varl_pm_eclipse_melee_engage_03
8627	varl_pm_eclipse_sphere_spawn_01
8628	varl_pm_eclipse_ending_stutter_01
8629	varl_eclipse_special_att_atlatl_arm_01
8630	varl_pm_eclipse_sphere_despawn_11
8631	varl_pm_eclipse_sphere_despawn_08
8632	varl_pm_eclipse_special_att_atlatl_player_fire_01
8633	varl_pm_eclipse_teleport_idle_appear_01
8634	varl_pm_eclipse_sphere_despawn_09
8635	varl_pm_eclipse_magic_arm_raise_01
8636	varl_pm_eclipse_teleport_idle_disappear_04
8637	varl_pm_eclipse_sphere_despawn_10
8638	varl_pm_eclipse_projectile_player_impact_03
8639	varl_pm_eclipse_melee_swipe_01
8640	varl_pm_eclipse_ending_stutter_05
8641	varl_pm_eclipse_spawn_first_whoosh_01
8642	varl_eclipse_special_att_atlatl_magic_raise_01
8643	varl_pm_eclipse_combo_swipe_02
8644	varl_pm_eclipse_melee_engage_04
8645	varl_pm_eclipse_sphere_impact_03
8646	varl_pm_eclipse_melee_combo_swipe_05
8647	varl_pm_eclipse_ending_stutter_02
8648	varl_pm_eclipse_ending_woosh_02
8649	varl_pm_eclipse_combo_swipe_01
8650	varl_pm_eclipse_sphere_despawn_03
8651	varl_pm_eclipse_spawn_bass_pulse_01
8652	varl_pm_eclipse_sphere_spawn_02
8653	varl_pm_eclipse_teleport_idle_disappear_03
8654	varl_pm_eclipse_sphere_despawn_01
8655	varl_pm_eclipse_melee_combo_swipe_04
8656	varl_pm_eclipse_teleport_idle_disappear_02
8657	varl_pm_eclipse_sphere_impact_02
8658	varl_pm_eclipse_ending_stutter_06
8659	varl_pm_eclipse_teleport_idle_disappear_01
8660	varl_pm_eclipse_sphere_despawn_02
8661	varl_pm_eclipse_sphere_spawn_03
8662	varl_pm_eclipse_magic_arm_lowered_01
8663	varl_pm_eclipse_magic_arm_lowered_02
8664	varl_pm_eclipse_melee_combo_swipe_01
8665	varl_pm_eclipse_ending_stutter_03
8666	varl_pm_eclipse_projectile_player_impact_02
8667	varl_pm_eclipse_melee_combo_swipe_02
8668	varl_pm_eclipse_sphere_despawn_05
8669	varl_pm_eclipse_spawn_ending_whoosh_02
8670	varl_pm_eclipse_sphere_spawn_04
8671	varl_pm_eclipse_combo_swipe_03
8672	varl_pm_eclipse_sphere_despawn_06
8673	varl_pm_eclipse_spawn_ending_whoosh_01
8674	varl_pm_eclipse_special_att_atlatl_player_fire_spawn_01
8675	varl_pm_eclipse_teleport_idle_appear_03
8676	varl_pm_eclipse_sphere_spawn_06
8677	varl_pm_eclipse_melee_engage_02
8678	varl_pm_eclipse_sphere_spawn_07
8679	varl_eclipse_special_att_atlatl_sizzle_01
8680	varl_pm_eclipse_melee_swipe_02
8681	varl_pm_eclipse_damage_impact_01
8682	varl_pm_eclipse_beam_arm_raise_01
8683	varl_pm_blood_pool_bass_spawn_03
8684	varl_pm_blood_magic_arm_lower_high_pitch_03
8685	varl_pm_blood_magic_arm_lower_high_pitch_04
8686	varl_pm_blood_magic_arm_rise_03
8687	varl_pm_blood_magic_combo_swipe1_04
8688	varl_pm_blood_pool_single_despawn_02
8689	varl_pm_blood_pool_single_spawn_04
8690	varl_pm_blood_magic_combo_start_05
8691	varl_pm_blood_magic_left_arm_movement_03
8692	varl_pm_blood_teleport_idle_appear_01
8693	varl_pm_blood_magic_spawn_05
8694	varl_pm_blood_magic_low_swipe_combo2_02
8695	varl_pm_blood_pool_single_despawn_06
8696	varl_pm_blood_magic_low_swipe_combo1_01
8697	varl_pm_blood_magic_arm_lower_whoosh_03
8698	varl_pm_blood_magic_combo_swipe1_10
8699	varl_pm_blood_pool_despawn_05
8700	varl_pm_blood_pool_de_spawn_13
8701	varl_pm_blood_pool_single_despawn_07
8702	varl_pm_blood_magic_combo_swipe1_12
8703	varl_pm_blood_magic_arm_lower_whoosh_04
8704	varl_pm_blood_pool_despawn_spawn_07
8705	varl_pm_blood_pool_despawn_spawn_06
8706	varl_pm_blood_magic_arm_lower_whoosh_05
8707	varl_pm_blood_beam_arm_rise_power_02
8708	varl_pm_blood_fire_area_02
8709	varl_pm_blood_magic_combo_whoosh_01
8710	varl_pm_blood_magic_combo_swipe_bass_03
8711	varl_pm_blood_pool_despawn_04
8712	varl_pm_blood_magic_charging_01
8713	varl_pm_blood_pool_despawn_01
8714	varl_pm_blood_ending_fly_away_01
8715	varl_pm_blood_white_noise_test_01
8716	varl_pm_blood_magic_combo_bass_whoosh_05
8717	varl_pm_blood_magic_combo_swipe1_06
8718	varl_pm_blood_magic_combo_swipe_bass_01
8719	varl_pm_blood_beam_arm_rise_woosh_01
8720	varl_pm_blood_magic_combo_start_03
8721	varl_pm_blood_pool_single_spawn_02
8722	varl_pm_blood_healing_projectiles_05
8723	varl_pm_blood_pool_despawn_spawn_03
8724	varl_pm_blood_beam_arm_rise_pulse_03
8725	varl_pm_blood_magic_combo_swipe1_13
8726	varl_pm_blood_healing_projectiles_02
8727	varl_pm_blood_magic_bump_01
8728	varl_pm_blood_ending_abstract_woosh_02
8729	varl_pm_blood_pool_single_spawn_06
8731	varl_pm_blood_pool_despawn_spawn_10
8732	varl_pm_blood_magic_left_arm_low_end_movement_01
8733	varl_pm_blood_panther_melee_attack_03
8734	varl_pm_blood_magic_left_arm_movement_05
8735	varl_pm_blood_ending_movement_01
8736	varl_pm_blood_magic_combo_swipe1_09
8737	varl_pm_blood_fire_area_01
8738	varl_pm_blood_rain_02
8739	varl_pm_blood_magic_low_swipe_combo3_01
8740	varl_pm_blood_pool_spawn_11
8741	varl_pm_blood_melee_swipe_01
8742	varl_pm_blood_magic_combo_swipe1_01
8743	varl_pm_blood_pool_despawn_02
8744	varl_pm_blood_beam_arm_rise_whoosh_01
8745	varl_pm_blood_jaguar_despawn_01
8746	varl_pm_blood_magic_low_swipe_combo2_01
8747	varl_pm_blood_pool_despawn_03
8748	varl_pm_blood_magic_charging_06
8749	varl_pm_blood_pool_despawn_spawn_04
8750	varl_pm_blood_melee_impact_01
8751	varl_pm_blood_beam_arm_rise_power
8752	varl_pm_blood_magic_low_swipe_combo3_02
8753	varl_pm_blood_magic_combo_bass_whoosh_02
8755	varl_pm_blood_magic_combo_start_04
8756	varl_pm_blood_jaguar_despawn_02
8757	varl_pm_blood_pool_spawn_08
8758	varl_pm_blood_magic_arm_lower_whoosh_06
8759	varl_pm_blood_pool_single_spawn_01
8760	varl_pm_blood_beam_arm_rise_pulse_01
8761	varl_pm_blood_melee_swipe_04
8762	varl_pm_blood_magic_combo_bass_whoosh_06
8763	varl_pm_blood_magic_bump_force_01
8764	varl_pm_blood_magic_arm_lower_whoosh_02
8765	varl_pm_blood_magic_left_arm_movement_01
8766	varl_pm_blood_magic_charging_04
8767	varl_pm_blood_heal_05
8768	varl_pm_blood_spawn_arm_lowered_02
8769	varl_pm_blood_pool_single_despawn_04
8770	varl_pm_blood_spawn_arm_lowered_01
8771	varl_pm_blood_pool_only_spawn_01
8772	varl_pm_blood_magic_left_arm_movement_02
8773	varl_pm_blood_ending_abstract_wosh_01
8774	varl_pm_blood_beam_arm_rise_woosh_02
8775	varl_pm_blood_pool_spawn_07
8776	varl_pm_blood_pool_pop_02
8777	varl_pm_blood_rain_layer_01
8778	varl_pm_blood_pool_spawn_14
8779	varl_pm_blood_pool_spawn_03
8781	varl_pm_blood_magic_charging_02
8782	varl_pm_blood_magic_arm_rise_01
8783	varl_pm_blood_pool_fall_05
8784	varl_pm_blood_magic_charging_10
8785	varl_pm_blood_ending_movement_bass_02
8786	varl_pm_blood_magic_spawn_02
8787	varl_pm_blood_rain_01
8788	varl_pm_blood_beam_arm_rise_01
8789	varl_pm_blood_beam_arm_rise_disappear_whoosh_01
8790	varl_pm_blood_melee_impact_02
8791	varl_pm_blood_magic_combo_swipe1_08
8792	varl_pm_blood_magic_charging_03
8793	varl_pm_blood_magic_combo_swipe1_05
8794	varl_pm_blood_magic_combo_bass_whoosh_01
8795	varl_pm_blood_pool_spawn_13
8796	varl_pm_blood_melee_kick_01
8797	varl_pm_blood_magic2_attack_charge_01
8798	varl_pm_blood_magic_spawn_07
8799	varl_pm_blood_pool_spawn_12
8800	varl_pm_blood_magic_arm_lower_high_pitch_01
8801	varl_pm_blood_magic_left_arm_movement_04
8802	varl_pm_blood_magic_arm_rise_02
8803	varl_pm_blood_pool_fall_03
8804	varl_pm_blood_fire_spawn_01
8805	varl_pm_blood_beam_arm_rise_pulse_02
8806	varl_pm_blood_magic_spawn_03
8807	varl_pm_blood_fire_spawn_02
8808	varl_pm_blood_panther_melee_attack_02
8809	varl_pm_blood_teleport_ide_disappear_01
8810	varl_pm_blood_ending_descend_whoosh_01
8811	varl_pm_blood_magic_spawn_01
8812	varl_pm_blood_magic_combo_swipe1_02
8813	varl_pm_blood_melee_swipe_05
8814	varl_pm_blood_melee_impact_03
8815	varl_pm_blood_magic_bass_01
8816	varl_pm_blood_lynx_death_fall_01
8817	varl_pm_blood_lynx_death_fall_02
8818	varl_pm_blood_pool_single_spawn_05
8819	varl_pm_blood_pool_single_despawn_08
8820	varl_pm_blood_pool_single_despawn_05
8821	varl_pm_blood_magic_charging_09
8822	varl_pm_blood_heal_02
8823	varl_pm_blood_pool_bass_spawn_02
8824	varl_pm_blood_pool_despawn_spawn_05
8825	varl_pm_blood_beam_arm_rise_pulse_04
8826	varl_pm_blood_healing_projectiles_01
8827	varl_pm_blood_ending_fly_away_02
8828	varl_pm_blood_pool_single_spawn_03
8829	varl_pm_blood_pool_fall_04
8830	varl_pm_blood_magic_charging_08
8831	varl_pm_blood_lynx_death_01
8832	varl_pm_blood_pool_spawn_01
8833	varl_pm_blood_jaguar_spawn_03
8834	varl_pm_blood_magic_arm_lower_whoosh_07
8835	varl_pm_blood_magic_combo_swipe1_03
8836	varl_pm_blood_pool_single_despawn_03
8837	varl_pm_blood_magic_arm_lower_whoosh_08
8838	varl_pm_blood_pool_spawn_10
8839	varl_pm_blood_panther_melee_attack_01
8840	varl_pm_blood_rain_drip_layer_01
8841	varl_pm_blood_heal_03
8842	varl_pm_blood_jaguar_spawn_04
8843	varl_pm_blood_pool_pop_01
8844	varl_pm_blood_pool_player_impact_01
8845	varl_pm_blood_magic_spawn_08
8846	varl_pm_blood_pool_fall_01
8847	varl_pm_blood_magic_combo_start_06
8848	varl_pm_blood_magic_combo_swipe_bass_02
8849	varl_pm_blood_melee_start_01
8850	varl_pm_blood_melee_swipe_03
8851	varl_pm_blood_pool_spawn_05
8852	varl_pm_blood_beam_arm_rise_whosh_01
8853	varl_pm_blood_pool_spawn_06
8854	varl_pm_blood_magic_combo_start_01
8855	varl_pm_blood_ending_head_move_01
8856	varl_pm_blood_magic_charging_05
8857	varl_pm_blood_magic_combo_bass_whoosh_03
8858	varl_pm_blood_magic_bass_03
8859	varl_pm_blood_magic_charging_07
8860	varl_pm_blood_magic_combo_swipe1_07
8861	varl_pm_blood_healing_projectiles_06
8862	varl_pm_blood_magic_combo_bass_whoosh_04
8863	varl_pm_blood_magic_spawn_04
8864	varl_pm_blood_pool_bass_spawn_01
8865	varl_pm_blood_pool_spawn_02
8866	varl_pm_blood_ending_descend_01
8867	varl_pm_blood_pool_despawn_spawn_09
8868	varl_pm_blood_magic_charging_110
8869	varl_pm_blood_melee_impact_04
8870	varl_pm_blood_pool_spawn_04
8871	varl_pm_blood_healing_projectiles_03
8872	varl_pm_blood_ending_head_turn_abstract_01
8873	varl_pm_blood_beam_arm_rise_02
8874	varl_pm_blood_magic_arm_lower_high_pitch_02
8875	varl_pm_blood_magic_arm_lower_whoosh_01
8876	varl_pm_blood_magic_bass_02
8877	varl_pm_blood_jaguar_spawn_01
8878	varl_pm_blood_healing_projectiles_04
8879	varl_pm_blood_magic_spawn_06
8880	varl_pm_blood_fire_cascade_spawn_01
8881	varl_pm_blood_spawn_arm_lowered_03
8882	varl_pm_blood_beam_arm_rise_power_01
8883	varl_pm_blood_pool_spawn_09
8884	varl_pm_blood_pool_fall_02
8885	varl_pm_blood_heal_04
8886	varl_pm_blood_heal_01
8887	varl_pm_blood_magic_low_swipe_combo1_02
8888	varl_pm_blood_pool_despawn_spawn_08
8889	varl_pm_blood_magic_combo_swipe1_11
8890	varl_pm_blood_ending_movement_bass_01
8891	varl_pm_blood_magic_charging_12
8892	varl_pm_blood_melee_swipe_02
8893	varl_pm_blood_magic_combo_start_02
8894	varl_slayer_nagua_melee_swipe_01
8895	varl_sulphar_blades_06
8896	varl_slayer_nagua_death_01
8897	varlamore_ueyatlalli_protection_spell_despawn_01
8898	varlamore_ueyatlalli_protection_spell_spawn_01
8899	varl_pm_boss_blue_magic_cast_missile_fly_01
8900	varl_pm_boss_blue_tornado_loop_01
8901	varl_pm_boss_blue_magic_cast_01
8902	varl_pm_boss_blue_end_01
8903	varl_pm_boss_blue_magic_extinguish_01
8904	varl_pm_boss_blue_end_03
8905	varl_pm_boss_blue_end_04
8906	varl_pm_boss_blue_tele_appear_01
8907	varl_pm_boss_blue_magic_cast_02
8908	varl_pm_boss_blue_magic_cast_charge_01
8909	varl_pm_boss_blue_ice_spike_fly_up
8910	varl_pm_boss_blue_tornado_spawn_01
8911	varl_pm_boss_blue_spawn_01
8912	varl_pm_boss_blue_tornado_despawn_01
8913	varl_pm_boss_blue_relight_brazier
8914	varl_pm_boss_blue_weapon_ice_block
8915	varl_pm_boss_blue_magic_cast_whoosh_01
8916	varl_pm_boss_blue_tele_disappear_01
8917	varl_pm_boss_blue_hit_01
8918	varl_pm_boss_blue_disarm_player_01
8919	varl_pm_boss_blue_weapon_ice_block_cracking_01
8920	varl_pm_boss_blue_end_02
8921	varl_pm_boss_blue_weapon_ice_block_break
8922	varl_pm_boss_blue_melee_swipe_01
8923	varl_pm_boss_blue_melee_swipe_02
8924	varl_pm_boss_blue_weapon_ice_block_despawn
8925	varl_pm_boss_blue_ice_spike_spawn
8926	varl_pm_boss_blue_spike_wall_spawn_01
8927	varl_pm_boss_blue_melee_swipe_03
8928	varl_sulphar_blades_01
8929	varlamore_nagua_cutscene_hit_01
8930	easter24_crypt_wind_01
8931	easter24_magic_teleport_04
8932	easter24_mine_metal_squeak_03
8933	easter24_church_sparkles_03
8934	easter24_crypt_water_drop_03
8935	easter24_mine_wind_01
8936	easter24_mine_carts_collide
8937	easter24_mine_rocks_fall_02
8938	easter24_teleport_to_church_01
8939	easter24_crypt_water_drop_01
8940	easter24_mine_eggs_03
8941	easter24_mine_metal_squeak_04
8942	easter24_crypt_wind_02
8943	easter24_mine_wind_02
8944	easter24_mine_water_drop_04
8945	easter24_crypt_scuttle_11
8946	easter24_crypt_hum_03
8947	easter24_magic_teleport_01
8948	easter24_crypt_scuttle_01
8949	easter24_crypt_wind_03
8950	easter24_church_sparkles_04
8951	easter24_mine_water_drop_03
8952	easter24_crypt_scuttle_10
8953	easter24_crypt_hum_02
8954	easter24_mine_wind_04
8955	easter24_crypt_scuttle_06
8956	easter24_crypt_scuttle_12
8957	easter24_crypt_scuttle_03
8958	easter24_crypt_hum_01
8959	easter24_church_sparkles_05
8960	easter24_mine_water_drop_01
8961	easter24_mine_metal_squeak_02
8962	easter24_mine_rocks_fall_04
8963	easter24_crypt_scuttle_04
8964	easter24_crypt_scuttle_09
8965	easter24_teleport_to_church_02
8966	easter24_crypt_scuttle_07
8967	easter24_mine_wind_03
8968	easter24_crypt_water_drop_02
8969	easter24_crypt_scuttle_02
8970	easter24_church_sparkles_01
8971	easter24_crypt_water_drop_04
8972	easter24_mine_rocks_fall
8973	easter24_magic_teleport_03
8974	easter24_crypt_scuttle_08
8975	easter24_crypt_wind_04
8976	easter24_crypt_scuttle_05
8977	easter24_mine_water_drop_02
8978	easter24_mine_eggs
8979	easter24_mine_rocks_fall_03
8980	easter24_mine_metal_squeak_01
8981	easter24_church_sparkles_02
8982	elder_maul_special_attack_hit_01
8983	elder_maul_special_attack_swing_01_part_b
8984	elder_maul_special_attack_composite_01
8985	elder_maul_special_attack_swing_01
8986	luc2_guthix_henge_appear
8987	luc2_elite_guard_mage_zapped_2
8988	luc2_dragonkin_attack2_bgsound
8989	luc2_click
8990	luc2_balance_elemental_water_impact
8991	luc2_dragonkin_attack4
8992	luc2_hazelmere_final_spell
8993	luc2_herb_statue_fishing_2
8994	luc2_henge_puzzle_turn_2
8995	luc2_chherrkizzz
8996	luc2_randomsound_rat_4
8997	luc2_stone_of_jas_glowing
8998	luc2_washerman_stroke_2
8999	luc2_outpost_lucien_fx
9000	luc2_randomsound_rat_3
9001	luc2_puff_of_smoke
9002	luc2_movario_stair_machine2
9003	luc2_player_crawl
9004	luc2_demon_death
9005	luc2_demon_attack
9006	luc2_balance_elemental_rock_attack
9007	luc2_undead_demon_shield
9008	wgs_dart_fire
9009	luc2_demon_footsteps
9010	luc2_dragonkin_attack2
9011	luc2_jump_to_church
9012	luc2_dying_guardian
9013	luc2_balance_elemental_rock_activate
9014	luc2_dragonkin_attack3_bgsound
9015	luc2_hazelmere_incineration_part1
9016	luc2_randomsound_rat_1
9017	luc2_guthix_land
9018	wgs_scribing
9019	luc2_hazelmere_incineration_part2
9020	luc2_banging_bars_1
9021	luc2_lucien_teleport
9022	luc2_electrocuted
9023	luc2_henge_puzzle_turn_1
9024	luc2_washerman_stroke_1
9025	luc2_henge_door_open
9026	luc2_balance_elemental_fire_attack
9027	luc2_balance_elemental_air_attack
9028	luc2_demon_break_ribs
9029	luc2_demon_fire_bgsound
9030	luc2_raise_the_dead
9031	luc2_herb_statue_agility
9032	luc2_henchman_battleaxe_swing
9033	luc2_remove_bedsheet
9034	luc2_dragonkin_attack3
9035	luc2_elite_guard_mage_zapped_3
9036	luc2_open_bedchest
9037	luc2_washerman_shake
9038	luc2_broav_trapped
9039	luc2_hazelmere_final_spell_proj
9040	luc2_jail_bar_electricity_bgsound
9041	luc2_banging_bars_2
9042	luc2_balance_elemental_rock_impact
9043	luc2_spin_around
9044	luc2_guthix_main_door_unlocked
9045	luc2_lunar_cutscene_transformation
9046	luc2_outpost_hazelmere_seed_break
9047	luc2_henges_rising_and_falling
9048	wgs_be_body_appear_02
9049	wgs_be_raising_orbs_01
9050	wgs_be_wind_spin_01
9051	wgs_be_legs_spawn_01
9052	body_appear_wind_01
9053	wgs_be_wind_spin_02
9054	wgs_be_head_change_02
9055	wgs_be_levitate_bass_01
9056	wgs_be_falling_orbs_03
9057	wgs_be_ending_raise_02
9058	wgs_be_orbs_wind_01
9059	wgs_be_wind_spin_03
9060	wgs_be_falling_smoke_bass_impact_01
9061	wgs_be_high_wind_01
9062	wgs_be_legs_spawn_02
9063	wgs_be_body_appear_01
9064	wgs_be_power_up_jump_01
9065	wgs_be_orbs_wind_02
9066	wgs_be_falling_orbs_02
9067	wgs_be_raising_orbs_03
9068	wgs_be_head_change_01
9069	wgs_be_levitate_01
9070	wgs_be_falling_smoke_spawn_01
9071	wgs_be_falling_orbs_04
9072	wgs_be_falling_orbs_01
9073	wgs_be_ending_raise_03
9074	wgs_be_ending_raise_01
9075	wgs_be_power_up_jump_02
9076	wgs_be_raising_orbs_02
9077	wgs_be_land_01
9078	wgs_be_torso_bass_01
9079	wgs_be_rock_appear_part1_01
9080	wgs_be_high_wind_part2_01
9081	wgs_be_falling_orbs_bass_01
9082	wgs_be_death_orb_elevate_01
9083	wgs_be_death_roar_01
9084	wgs_be_death_rocks_rumble_01
9085	wgs_be_death_roar_02
9086	wgs_be_death_orb_part5_01
9087	wgs_be_full_body_levitate_02
9088	wgs_be_body_fall_bass_01
9089	wgs_be_death_orb_whoosh_raise_02
9090	wgs_be_floating_bass_01
9091	wgs_be_death_orb_elevate_wind_01
9092	wgs_be_death_orb_part3_01
9093	wgs_be_full_body_levitate_03
9094	wgs_be_death_orb_part6_01
9095	wgs_be_death_arm_raise_01
9096	wgs_be_torso_fall_01
9097	wgs_be_death_orb_part1_01
9098	wgs_be_death_orb_whoosh_raise_01
9099	wgs_be_death_orb_part7_01
9100	wgs_be_death_green_flame_01
9101	wgs_be_death_orb_part4_01
9102	wgs_be_body_fall_01
9103	wgs_be_death_orb_part2_01
9104	wgs_be_full_body_levitate_01
9105	wgs_be_death_wind_01
9106	wgs_be_death_pulse_01
9107	wgs_be_death_arm_lower_01
9108	wgs_be_death_heartbeat_01
9109	wgs_be_death_orb_magic_01
9110	wgs_be_death_arm_raise_04
9111	wgs_be_death_orb_whoosh_raise_03
9112	wgs_be_death_rocks_rumble_02
9113	wgs_be_death_arm_raise_02
9114	wgs_be_death_rocks_fall_01
9115	wgs_be_death_high_rock_fall_01
9116	wgs_be_full_body_levitate_04
9117	wgs_be_death_orb_elevate_02
9118	wgs_hazelmere_mind_meld_short_01
9119	wgs_hazel_mere_finall_spell_impact
9120	wgs_hazelmere_death_hat_wind_01
9121	wgs_hazel_mere_tele_view_to_ready
9122	wgs_hazel_mere_finall_spell_charge_turn_01
9123	wgs_hazel_mere_finall_spell_charge
9124	wgs_hazel_mere_tele_close
9125	wgs_hazelmere_death_hat_wind_02
9126	wgs_hazel_mere_finall_spell_projectile
9127	wgs_hazel_mere_tele_in_pocket
9128	wgs_hazelmere_kneel_01
9129	wgs_hazelmere_death_hat_wind_03
9130	wgs_hazelmere_death_hat_land_01
9131	wgs_hazelmere_seed_grab_2024_02
9132	wgs_hazelmere_seed_grab_2024_01
9133	wgs_hazelmere_seed_break_2024_01
9134	wgs_hazel_mere_finall_spell_charge_03
9135	wgs_hazel_mere_finall_spell_charge_turn_02
9136	wgs_hazelmere_stand_01
9137	wgs_hazel_mere_finall_spell_charge_02
9138	wgs_luc_weapons_break_02
9139	wgs_dragonkin_stasis_gas_03
9140	wgs_luc_skeleton_spawn_01
9141	wgs_luc_tele_out_01
9142	wgs_dragonkin_elevator_up_01
9143	wgs_luc_lightning_attack_impact_01
9144	wgs_luc_summon_undead_staff_woosh_part_01
9145	wgs_luc_incineration_01
9146	wgs_luc_power_surge_power_up_01
9147	wgs_dragonkin_stasis_gas_02
9148	wgs_armed_skeleton_hit_lower_volume_01
9149	wgs_luc_summon_undead_staff_shriek_01
9150	wgs_luc_player_jump_01
9151	wgs_luc_summon_undead_staff_woosh_part_03
9152	wgs_dragonkin_elevator_down_01
9153	wgs_dragonkin_stasis_gas_01
9154	wgs_touch_stone_of_jas_impact_01
9155	wgs_luc_summon_undead_staff_woosh_part_02
9156	wgs_luc_zapped_2024_01
9157	wgs_luc_hazelmere_high_incineration_01
9158	wgs_armed_skeleton_lower_volume_01
9159	wgs_luc_weapons_break_01
9160	wgs_luc_lightning_attack_electricity_01
9161	wgs_dragonkin_glass_break_01
9162	wgs_luc_hazelmere_incineration_01
9163	wgs_luc_lightning_attack_electricity_projectile_01
9164	be24_water_attack_special_rock_movement_01
9165	be24_water_attack_special_bass_impact_01
9166	be24_elemental_fire_attack_range_bow_proj_01
9167	be24_elemental_air_attack_impact_01
9168	be24_elemental_fire_attack_range_bow_prep_01
9169	be24_water_attack_impact_01
9170	be24_fire_special_attack_impact_01
9171	be24_elemental_air_special_attack_01
9172	be24_elemental_fire_special_attack_throw_01
9173	be24_elemental_fire_attack_range_bow_proj_02
9174	be24_water_elemental_attack_charge_01
9175	be24_elemental_air_attack_arm_throw_01
9176	be24_air_special_attack_impact_01
9177	be24_air_special_attack_impact_02
9178	be24_water_elemental_attack_smoke_01
9179	be24_water_elemental_attack_whoosh_03
9180	be24_water_attack_special_earth_rumble_01
9181	be24_water_attack_special_step_01
9182	be24_water_attack_special_arm_movement_01
9183	be24_water_attack_special_charge_up_01
9184	be24_elemental_air_attack_arm_charge_02
9185	be24_footstep_02
9186	be24_water_attack_special_charge_up_02
9187	be24_elemental_air_special_attack_rock_movement_02
9188	be24_elemental_air_special_attack_rock_movement_01
9189	be24_air_special_attack_middle_arm_movement_01
9190	be24_water_fire_transition_burns_01
9191	be24_water_earth_transition_01
9192	be24_elemental_air_attack_arm_charge_01
9193	be24_elemental_transition_02
9194	be24_water_elemental_attack_whoosh_04
9195	be24_elemental_air_special_attack_rock_movement_03
9196	be24_elemental_fire_special_attack_throw_02
9197	be24_water_elemental_attack_whoosh_02
9198	be24_elemental_transition_01
9199	be24_water_attack_special_rock_movement_02
9200	be24_elemental_fire_attack_range_bow_prep_02
9201	be24_water_elemental_attack_whoosh_01
9202	be24_water_attack_special_throw_01
9203	be24_water_attack_special_throw_02
9204	be24_air_special_attack_arm_movement_01
9205	be24_elemental_fire_attack_range_bow_prep_03
9206	be24_elemental_fire_attack_range_bow_fire_impact_01
9207	be24_water_attack_special_rock_movement_03
9208	be24_footstep_01
9209	wgs_td_summon_stand_up_01
9210	wgs_td_demon_explosion_fire_start_01
9211	wgs_td_walk_right_02
9212	wgs_td_explosion_fire_projectile_02
9213	wgs_td_demon_firey_balls_projectile_02
9214	wgs_td_defend_arm_lowered_01
9215	wgs_td_demon_explosion_explode_01
9216	wgs_td_summon_first_fire_01
9217	wgs_td_magic_firey_balls_claw_raise_01
9218	wgs_td_explosion_fire_power_up_shorter_quieter_scream_01
9219	wgs_td_melee_attack_impact_01
9220	wgs_td_defend_arm_lowered_02
9221	wgs_td_explosion_fire_power_up_shorter_quieter_scream_02
9222	wgs_td_death_high_fire_01
9223	wgs_td_mage_attack_impact_01
9224	wgs_td_explosion_fire_power_up_scream_03
9225	wgs_td_demon_spare_ribs_snap_01
9226	wgs_td_melee_arm_raise_02
9227	wgs_td_explosion_fire_power_up_scream_02
9228	wgs_td_melee_claw_swipe_01
9229	wgs_td_mage_attack_impact_02
9230	wgs_td_death_large_fire_01
9231	wgs_td_defend_step_04
9232	wgs_td_walk_left_03
9233	wgs_td_summon_tele_in_01
9234	wgs_td_defend_arm_raise_01
9235	wgs_td_walk_left_01
9236	wgs_td_demon_ranged_spare_ribs_arm_raise_01
9237	wgs_td_walk_right_03
9238	wgs_td_walk_left_04
9239	wgs_td_explosion_fire_ground_impacts_01
9240	wgs_td_explosion_ground_attack_player_impact_01
9241	wgs_td_demon_ranged_spare_ribs_arm_raise_02
9242	wgs_td_stone_of_jas_lowered_through_floor_rumble_01
9243	wgs_td_walk_right_01
9244	wgs_td_explosion_ground_attack_impact_01
9245	wgs_td_range_ribs_attack_impact_01
9246	wgs_td_death_sream_01
9247	wgs_td_defend_arm_raise_02
9248	wgs_td_defend_step_02
9249	wgs_td_summon_fire_sizzles_01
9250	wgs_td_demon_ranged_spare_ribs_arm_raise_03
9251	wgs_td_explosion_fire_projectile_01
9252	wgs_td_melee_claw_swipe_03
9253	wgs_td_demon_ranged_spare_ribs_inital_movement_01
9254	wgs_td_explosion_fire_power_up_scream_01
9255	wgs_td_defend_step_03
9256	wgs_td_walk_left_02
9257	wgs_td_summon_fire_whooshes_01
9258	wgs_td_stone_of_jas_lowered_through_floor_rumble_02
9259	wgs_td_demon_explosion_high_fire_01
9260	wgs_td_demon_firey_balls_projectile_01
9261	wgs_td_demon_spare_ribs_projectile_01
9262	wgs_td_defend_step_01
9263	wgs_td_melee_claw_swipe_02
9264	wgs_td_melee_arm_raise_03
9265	wgs_td_melee_arm_raise_01
9266	luc2_place_rune
9267	luc2_banging_bars_3
9268	luc2_lucien_spell_impact
9269	luc2_elite_guard_mage_zapped_4
9270	luc2_herb_statue_fishing_1
9271	luc2_lever_rock
9272	luc2_elite_guard_mage_zapped_1
9273	luc2_stone_sinking
9274	luc2_broav_sniffing
9275	luc2_lucien_spell_raise_undead
9276	luc2_herb_statue_henge_appear
9277	luc2_henge_puzzle_rising
9278	luc2_outpost_weapons_break
9279	luc2_hazelmere_final_spell_impact
9280	luc2_undead_mage_raise_undead
9281	luc2_guthix_jump
9282	luc2_stone_sinking_transient
9283	luc2_smithing_dragon_plate
9284	luc2_demon_recharge
9285	wgs_step_rise
9286	luc2_randomsound_rat_2
9287	luc2_poison_gas
9288	luc2_balance_elemental_water_attack
9289	luc2_lucien_spell_raise_undead_impact
9290	luc2_creaky_door_open
9291	luc2_dragonkin_attack1
9292	luc2_movario_stair_machine
9293	luc2_guthix_scrape
9294	luc2_movario_scanner
9295	luc2_herb_statue_attack
9296	tutorial2_arrow_hit_target
9297	luc2_heroic_jump_over_bridge
9298	luc2_light_creature_bgsound
9299	luc2_place_weight
9300	luc2_lucien_black_lightning
9301	luc2_demon_hit
9302	luc2_broav_sniffing_fail
9303	luc2_bgsound_underground_water
9304	luc2_stone_sinking_transient_deep
9305	luc2_dragonkin_caves_start_the_lava
9306	luc2_dragonkin_attack1_bgsound
9307	short_rumble
9308	luc2_mechanical_grinding
9309	luc2_broav_squeal_snuffle
9310	luc2_hazelmere_telescope_close
9311	luc2_balance_elemental_bgsound
9312	luc2_movario_ticker
9313	luc2_balance_elemental_hit
9314	wgs_be_head_change_03
9315	ignited_staff_01
9316	burning_claws_swipe_01
9317	wgs_td_fire_shield_02
9318	wgs_td_fire_shield_01
9319	emberlight_crouch_01
9320	emberlight_spin_01
9321	emberlight_stab_01
9322	wgs_td_fire_shield_03
9323	wgs_td_fire_shield_restore_floor_burn_01
9324	wgs_td_fire_shield_restore_01
9325	scorching_bow_entangle_01
9326	scorching_bow_impact_01
9327	scorching_bow_draw_back_01
9328	scorching_bow_let_go_01
9329	wgs_luc_summon_2024_01
9330	wgs_luc_tele_out_louder_01
9331	be24_hit_2024_01
9332	wgs_td_fire_shield_restore_03
9333	wgs_td_fire_shield_restore_floor_burn_longer_02
9334	wgs_td_fire_shield_restore_floor_burn_longer_01
9335	wgs_td_demon_explosion_charge_no_flames_01
9336	wgs_td_demon_explosion_charge_no_flames_02
9337	wgs_td_fire_shield_restore_02
9338	deadman_24_test_sound
9339	deadman_24_teleport_scroll_01_kiss_blow_01
9340	deadman_24_teleport_scroll_01_flex_01_02
9341	deadman_24_teleport_scroll_01_flex_07
9342	deadman_24_teleport_scroll_01_flex_06
9343	deadman_24_teleport_scroll_01_flex_07_02
9344	deadman_24_teleport_scroll_01_flex_02
9345	deadman_24_teleport_scroll_01_flex_04
9346	deadman_24_teleport_scroll_01_portal_active_04
9347	deadman_24_teleport_scroll_01_flex_03
9348	deadman_24_teleport_scroll_01_portal_active_pulse_01
9349	deadman_24_teleport_scroll_01_runes_appear_01
9350	deadman_24_teleport_scroll_01_flex_09
9351	deadman_24_teleport_scroll_01_kiss_01
9352	deadman_24_teleport_scroll_01_kiss_blow_02
9353	deadman_24_teleport_scroll_01_portal_active_01
9354	deadman_24_teleport_scroll_01_flex_01
9355	deadman_24_teleport_scroll_01_portal_active_02
9356	deadman_24_teleport_scroll_01_flex_07_01
9357	deadman_24_teleport_scroll_01_flex_05
9358	deadman_24_teleport_scroll_01_portal_open_01
9359	deadman_24_teleport_scroll_01_flex_02_02
9360	deadman_24_teleport_scroll_01_flex_08
9361	deadman_24_teleport_scroll_01_portal_close_01
9362	deadman_24_teleport_scroll_01_portal_active_03
9363	deadman_24_teleport_scroll_01_kiss_02
9364	deadman_24_teleport_scroll_01_fall_01
9365	a_r_osmumtens_fang_sword_metallic_woosh_01
9366	a_r_osmumtens_fang_sword_stab_01
9367	a_r_osmumtens_fang_sword_woosh_02
9368	a_r_osmumtens_fang_sword_woosh_01
9369	araxxor_acid_cannon_launch_01
9370	araxxor_mirror_back_minion_death_impact_01
9371	araxxor_mirror_back_minion_death_01
9372	araxxor_mirror_back_minion_attack_01_01
9373	araxxor_mirror_back_minion_attack_02
9374	araxxor_mirror_back_minion_attack_01
9375	araxxor_mirror_back_minion_attack_02_01
9376	araxxor_acidic_minion_attack_01_01
9377	araxxor_acidic_minion_attack_01
9378	araxxor_acidic_minion_projectile_01
9379	araxxor_acidic_minion_attack_02_01
9380	araxxor_acidic_minion_attack_04
9381	araxxor_acidic_minion_attack_03
9382	araxxor_acidic_minion_explosion_01
9383	araxxor_acidic_minion_attack_02
9384	araxxor_acid_spray_impact_01
9385	araxxor_acid_spray_01
9386	araxxor_melee_scream_01
9387	araxxor_acid_spray_02
9388	araxxor_spawn_scream_01
9389	araxxor_melee_scream_enraged_01
9390	araxxor_melee_up_enraged_01
9391	araxxor_enraged_legs_in_mouth_whoosh_01
9392	araxxor_melee_impact_03
9393	araxxor_death_shake_01
9394	araxxor_acid_cannon_forward_01
9395	araxxor_footstep_02
9396	araxxor_melee_down_03
9397	araxxor_ranged_attack_04
9398	araxxor_melee_down_01
9399	araxxor_ambience_eggs_movement_02
9400	araxxor_acid_cannon_back_01
9401	araxxor_acid_leak_impact_01
9402	araxxor_spawn_abdomen_open_01
9403	noxious_halberd_special_attack_build_01
9404	noxious_halberd_special_attack_impact_01
9405	araxxor_ambience_eggs_movement
9406	araxxor_acid_cannon_scream_01
9407	araxyte_superior_death_01
9408	araxxor_melee_up_03
9409	araxxor_enraged_legs_in_mouth_01
9410	araxxor_magic_attack_01
9411	araxxor_melee_impact_enraged_02
9412	araxxor_footstep_03
9413	araxxor_melee_impact_02
9414	araxxor_death_loot_01
9415	araxxor_egg_hatch_open_01
9416	araxxor_magic_attack_back_01
9417	araxyte_superior_attack_special_player_impact_01
9418	araxxor_magic_attack_02
9419	araxxor_melee_back_01
9420	araxxor_death_land_01
9421	araxxor_ranged_attack_05
9422	araxxor_magic_attack_03
9423	araxxor_acid_leak_02
9424	araxxor_melee_down_anraged_01
9425	araxxor_spawn_web_stretch_01
9426	araxxor_ranged_attack_03
9427	araxxor_enraged_legs_in_mouth_pre_whoosh_01
9428	araxxor_ambience_eggs_movement_03
9429	araxxor_footstep_01
9430	araxyte_superior_attack_special_01
9431	araxxor_melee_drag_enraged_01
9432	araxxor_egg_hatch_whoosh_01
9433	araxxor_melee_impact_enraged_01
9434	araxxor_death_scream_01
9435	araxxor_acid_cannon_back_02
9436	araxxor_melee_up_enraged_shorter_01
9437	araxyte_superior_hit_01
9438	araxxor_abdomen_land
9439	araxxor_egg_hatch_shreik_01
9440	araxxor_ranged_attack_02
9441	araxxor_ranged_attack_abdomen_closed_01
9442	araxxor_melee_scream_02
9443	rancour_amulet_hand_out_pocket_01
9444	rancour_amulet_creation_02
9445	rancour_amulet_acid_drip_01
9446	rancour_amulet_smithing_01
9447	rancour_amulet_hand_in_pocket_02
9448	rancour_amulet_acid_wipe_03
9449	rancour_amulet_creation_04
9450	rancour_amulet_smithing_02
9451	rancour_amulet_hand_up_02
9452	rancour_amulet_smithing_03
9453	rancour_amulet_hand_in_pocket_01
9454	rancour_amulet_pick_up_01
9455	rancour_amulet_search_01
9456	rancour_amulet_drop_01
9457	rancour_amulet_hand_down_01
9458	rancour_amulet_acid_wipe_01
9459	rancour_amulet_creation_01
9460	rancour_amulet_smash_01
9461	rancour_amulet_acid_splat_01
9462	rancour_amulet_acid_wipe_02
9463	rancour_amulet_creation_03
9464	rancour_amulet_search_02
9465	araxxor_enraged_legs_in_mouth_hiss_02
9466	araxxor_melee_up_enraged_02
9467	araxxor_egg_death_explode_01
9468	araxyte_superior_attack_01
9469	araxxor_melee_impact_01
9470	araxxor_ranged_attack_impact_01
9471	araxxor_death_flip_01
9472	araxxor_cave_low_rumble_03
9473	araxxor_cave_low_rumble_01
9474	araxxor_cave_low_rumble_02
9475	araxxor_melee_up_02
9476	araxxor_ranged_attack_01
9477	araxxor_melee_down_02
9478	araxxor_enraged_legs_in_mouth_whoosh_02
9479	araxxor_magic_attack_impact_01
9480	araxxor_enraged_legs_in_mouth_02
9481	araxyte_superior_attack_special_player_impact_no_damage_01
9482	araxxor_enraged_legs_in_mouth_hiss_01
9483	araxxor_melee_up_01
9484	araxxor_acid_leak_01
9485	araxxor_death_loot_player_01
9486	araxxor_enraged_scream_02
9487	araxxor_enraged_scream_01
9488	araxxor_acid_cannon_pivot_01
9489	herblore_mixing_station_lever_01
9490	herblore_conveyor_squeak_04
9491	herblore_pre_pot_drink_01
9492	herblore_retort_loop_04
9493	herblore_retort_loop_03
9494	herblore_mixing_station_fill_02
9495	herblore_conveyor_loop_01
9496	herblore_conveyor_squeak_03
9497	herblore_alembic_bellows_01
9498	herblore_conveyor_squeak_01
9499	herblore_glass_rattle_01
9500	herblore_mixing_station_fill_03
9501	herblore_refiner_01
9502	herblore_mixing_station_lever_01_01
9503	herblore_alembic_loop_01
9504	herblore_conveyor_squeak_05
9505	herblore_herb_mill_throw_herb_01
9506	herblore_herb_mill_grab_herb_01
9507	herblore_conveyor_squeak_02
9508	herblore_agitator_blend_loop_01
9509	herblore_herb_mill_grind_01
9510	herblore_retort_loop_01
9511	herblore_agitator_turn_handle_01
9512	herblore_order_ready_bell
9513	herblore_retort_loop_02
9514	herblore_mixing_vessel_empty_01
9515	herblore_mixing_station_lever_03_01
9516	herblore_mixing_station_lever_02_01
9517	herblore_mixing_station_lever_03
9518	herblore_mixing_vessel_empty_02
9519	herblore_mixing_station_fill_01
9520	herblore_herb_mill_02
9521	herblore_herb_mill_01
9522	herblore_mixing_station_lever_02
9523	herblore_wine_stomp_02
9524	doti_wine_jug_splash_01
9525	doti_sword_whoosh_02
9526	doti_sword_whoosh_01
9527	doti_sneak_in_window_01
9528	doti_wine_jug_wobble_01
9529	doti_take_uniform_01
9530	varl2_statue_activate_01
9531	varlamore_underground_ice_cave_bed_01
9532	aldarin_labratory_sparkle_single_01
9533	varlamore_underground_ice_cave_bed_02
9534	aldarin_bear_growl_04
9535	aldarin_porcupine_growl_02
9536	aldarin_labratory_rumble_01
9537	aldarin_labratory_sparkle_single_06
9538	varlamore_underground_ice_cave_ice_crack_02
9539	aldarin_bear_growl_03
9540	aldarin_porcupine_growl_01
9541	varlamore_underground_ice_cave_ice_crack_01
9542	varlamore_underground_ice_cave_bed_03
9543	aldarin_labratory_sparkle_single_04
9544	aldarin_labratory_sparkle_single_02
9545	aldarin_labratory_sparkle_01
9546	aldarin_labratory_sparkle_single_05
9547	varlamore_wolf_howl_02
9548	varlamore_wolf_howl_03
9549	varlamore_underground_ice_cave_ice_crack_04
9550	aldarin_labratory_sparkle_single_07
9551	varlamore_wolf_howl_01
9552	varlamore_zema_obelisk_01
9553	aldarin_porcupine_growl_04
9554	varlamore_wolf_howl_04
9555	aldarin_porcupine_growl_03
9556	aldarin_bear_cub_growl_02
9557	aldarin_bear_cub_growl_01
9558	aldarin_labratory_sparkle_single_03
9559	aldarin_bear_cub_growl_04
9560	varlamore_heart_of_darkness_fix_statue
9561	aldarin_bear_cub_growl_03
9562	aldarin_vineryard_locusts_loop1
9563	aldarin_bear_growl_02
9564	aldarin_vineryard_locusts_loop2
9565	varlamore_underground_ice_cave_ice_crack_03
9566	aldarin_bear_growl_01
9567	huey_screech_lower_body_01
9568	huey_tail_slam_tremor_03
9569	huey_att_melee_wings_shut_03
9570	huey_awaken_feather_reset_01
9571	huey_barrier_initial_rock_movement_01
9572	huey_shield_activation_part6_01
9573	huey_tail_slam_surface_01
9574	huey_awaken_reset_roar_02
9575	huey_attack_range_feather_proj_01
9576	huey_awaken_reset_growl_01
9577	huey_melee_projectile_travel_01
9578	huey_tail_appear_slither_01
9579	huey_tail_barrier_tail_ending_rumble_01
9580	huey_screech_part2_01
9581	huey_awaken_roar_intro_02
9582	huey_melee_projectile_travel_02
9583	huey_shield_active_wing_open_02
9584	huey_att_melee_footstep_01
9585	huey_tail_barrier_transition_slide_01
9586	huey_shield_active_wing_open_01
9587	huey_att_melee_wings_shut_01
9588	huey_prayer_blue_circle_electricity_01
9589	huey_projectile_player_impact_01
9590	huey_awaken_third_roar_01
9591	huey_awaken_feather_close_01
9592	huey_tail_appear_slime_01
9593	huey_attack_melee_feather_proj_01
9594	huey_body_hit_01
9595	huey_screech_wing_flutter_02
9596	huey_head_hit_01
9597	huey_shield_wings_raise_01
9598	huey_attack_mage_feather_proj2_01
9599	huey_shield_activation_part3_01
9600	huey_shield_activation_part4_01
9601	huey_att_melee_projectile_whoosh_04
9602	huey_barrier_open_complete_01
9603	huey_awaken_feather_spread_01
9604	huey_mage_projectile_travel_01
9605	huey_screech_wing_flutter_01
9606	huey_awaken_final_roar_01
9607	huey_mage_projectile_travel_05
9608	huey_range_projectile_impact_01
9609	huey_invulnerability_start_01
9610	huey_awaken_wings_backwards_01
9611	huey_black_shadow_circle_01
9612	huey_tile_explosion_02
9613	huey_att_melee_wings_back_03
9614	huey_awaken_wings_forward_01
9615	huey_awaken_roar_intro_01
9616	huey_knockout_roar_01
9617	huey_awaken_fourth_roar_01
9618	huey_att_melee_wings_back_01
9619	huey_mage_projectile_travel_02
9620	huey_attack_melee_feather_proj2_01
9621	huey_tail_break_shield_active_01
9622	huey_tail_barrier_transition_rumble_01
9623	huey_prayer_blue_circle_spawn_01
9624	huey_body_wall_crumble_01
9625	huey_att_melee_wings_forward_02
9626	huey_att_melee_wings_shut_02
9627	huey_knockout_body_fall_whoosh_01
9628	huey_range_projectile_travel_03
9629	huey_att_melee_projectile_whoosh_01
9630	huey_tail_barrier_tail_whoosh_02
9631	huey_att_melee_projectile_whoosh_02
9632	huey_awaken_second_roar_01
9633	huey_att_melee_wings_back_02
9634	huey_att_melee_proj_charge_01
9635	huey_tail_disappear_rumble_01
9636	huey_shield_activation_part5_01
9637	huey_tile_explosion_01
9638	huey_body_move_back_01
9639	huey_awaken_rumble_01
9640	huey_screech_01
9641	huey_att_melee_wings_fall_01
9642	huey_mage_projectile_impact_01
9643	huey_awaken_reset_roar_01
9644	huey_tail_barrier_tail_whoosh_01
9645	huey_shield_wings_down_01
9646	huey_att_melee_projectile_whoosh_03
9647	huey_prayer_towers_fire_lit_01
9648	huey_body_death_impact_01
9649	huey_att_melee_footstep_02
9650	huey_prayer_blue_circle_big_electricity_01
9651	huey_shield_activation_part2_01
9652	huey_melee_projectile_travel_03
9653	huey_awaken_wings_raise_01
9654	huey_tail_appear_rise_01
9655	huey_melee_projectile_impact_01
9656	huey_mage_projectile_travel_03
9657	huey_tail_slam_tremor_02
9658	huey_tail_slam_tremor_01
9659	huey_awaken_roar_middle_roar_01
9660	huey_range_projectile_travel_02
9661	huey_prayer_blue_circle_eletricity_01
9662	huey_att_melee_wings_forward_01
9663	huey_shield_active_wing_open_03
9664	huey_barrier_shake_01
9665	huey_prayer_buff_lost_01
9666	huey_awaken_final_roar_02
9667	huey_awaken_middle_roar_02
9668	huey_tail_barrier_transition_start_01
9669	huey_shield_activation_part7_01
9670	huey_tail_appear_impact_01
9671	huey_range_projectile_travel_04
9672	huey_tail_break_shield_active_swish_01
9673	huey_barrier_damage_shake_01
9674	huey_knockout_bass_hit_01
9675	huey_knockout_fall_01
9676	huey_att_melee_wings_back_04
9677	huey_prayer_attack_buff_gained_01
9678	huey_invulnerability_stop_01
9679	huey_knockout_scream_01
9680	huey_tail_barrier_tail_gravel_rumble_01
9681	huey_shield_activation_part1_01
9682	huey_knockout_body_fall_whoosh_02
9683	huey_tail_barrier_transition_end_01
9684	huey_tail_disappear_01
9685	huey_prayer_blue_circle_electricity_02
9686	huey_range_projectile_travel_01
9687	huey_awaken_wings_forward_bass_01
9688	huey_prayer_blue_circle_raise_01
9689	huey_att_melee_proj_charge_02
9690	huey_awaken_middle_roar_01
9691	huey_prayer_blue_circle_raise2_01
9692	huey_attack_range_feather_proj2_01
9693	huey_tail_barrier_transition_01
9694	huey_awaken_first_roar_01
9695	huey_shield_active_wing_open_04
9696	huey_tail_break_rise_01
9697	huey_mage_projectile_travel_04
9698	huey_prayer_blue_circle_spawn_higher_layer_01
9700	varl_wyrm_agility_longjump_01
9701	varl_wyrm_agility_cape_drag_slide_01
9702	varl_wyrm_agility_cape_drag_slide_land_01
9703	varl_wyrm_agility_termite_despawn_01
9704	varl_wyrm_agility_termite_loop_02
9705	varl_wyrm_agility_termite_loop_01
9706	herblore_wine_stomp_01
9707	mag_quest_minotaur_camera_shake_01
9708	heart_of_darkness_door_unlock_01
9709	amoxliatl_point_fire_02
9710	amoxliatl_summon_crouch_01
9711	amoxliatl_hit_01
9712	amoxliatl_attack_ice_spikes_spawn_03
9713	amoxliatl_ice_block_spawn_01
9714	amoxliatl_death_01
9715	amoxliatl_attack_ice_spikes_spawn_02
9716	amoxliatl_attack_arm_down_01
9717	amoxliatl_point_charge_01
9718	amoxliatl_summon_release_01
9719	amoxliatl_ice_destroy_curl_01
9720	amoxliatl_point_impact_01
9721	amoxliatl_ice_block_explode_01
9722	amoxliatl_point_charge_02
9723	amoxliatl_attack_arm_swing_01
9724	amoxliatl_ice_destroy_spin_01
9725	amoxliatl_attack_ice_spikes_spawn
9726	amoxliatl_ice_pool_spawn_01
9727	amoxliatl_ice_destroy_end_01
9728	amoxliatl_spawn_01
9729	amoxliatl_point_fire_01
9730	amoxliatl_attack_arm_raise_01
9731	amoxliatl_summon_release_02
9732	ice_nagua_hit_01
9733	ice_nagua_basic_charge_01
9734	ice_nagua_death_02
9735	ice_nagua_death_01
9736	ice_nagua_special_end_01
9737	ice_nagua_basic_fire_01
9738	ice_nagua_special_middle_01
9739	varlamore_heart_of_darkness_statues_energy_blast_02
9740	varlamore_heart_of_darkness_deactivate_statue_02
9741	varlamore_heart_of_darkness_statues_energy_blast_01
9742	varlamore_heart_of_darkness_activate_statue
9743	varlamore_heart_of_darkness_deactivate_statue
9744	varlamore_heart_of_darkness_place_relic_statue
9745	porcupine_death_01
9746	porcupine_attack_growl_01
9747	porcupine_death_fall_01
9748	porcupine_defend_01
9749	porcupine_attack_01
9750	magic_deactivate
9751	magic_activate
9752	eyeglo_spell
9753	valve_turn
9754	huey_tail_respawn_tail_travel_01
9755	huey_prayer_blue_circle_spawn_higher_layer_02
9756	huey_tail_respawn_tail_appear_01
9757	huey_attack_melee_feather_proj_02
9758	huey_attack_mage_feather_proj_01
9759	huey_tail_respawn_tail_enter_hole_01
9760	huey_tail_appear_impact_02
9761	varl_wyrm_agility_wobble_part2_01
9762	varl_wyrm_agility_wobble_part1_01
9763	heart_of_darkness_short_cut_gate_open
9764	heart_of_darkness_stone_lift_up_01
9765	heart_of_darkness_stone_lift_01
9766	heart_of_darkness_stone_lift_down_01
9767	hw24_plant_pumpkin_seed_02
9768	hw24_all_pumpkins_regrown_01
9769	hw24_crows_taking_off_wind_01
9770	hw24_pumpkin_throw_travel_01
9771	hw24_cat_sit_on_floor_01
9772	hw24_marika_cry_01
9773	hw24_cat_rolling_shake_01
9774	hw24_pumpkin_throw_03
9775	hw24_crow_soft_flapping_01
9776	hw24_crows_03
9777	hw24_marika_land_01
9778	hw24_arm_raise_04
9779	hw24_plant_pumpkin_seed_01
9780	hw24_marika_wave_01
9781	hw24_pumpkin_throw_01
9782	hw24_crows_flapping_01
9783	hw24_cat_land_step1_01
9784	hw24_cat_jump_01
9785	hw24_crows_04
9786	hw24_cat_paw_on_face_01
9787	hw24_marika_kiss_part1_01
9788	hw24_crows_flapping_take_off_01
9789	hw24_pumpkin_throw_02
9790	hw24_marika_kiss_part2_01
9791	hw24_cat_getting_up_01
9792	hw24_arm_raise_03
9793	hw24_cat_lay_down_01
9794	hw24_cat_paw_on_floor_01
9795	hw24_arm_raise_02
9796	hw24_posty_pete_bounce_01
9797	hw24_cat_sitting_01
9798	hw24_crows_soft_flapping_take_off_01
9799	hw24_cat_rolling_shake_03
9800	hw24_pick_wrong_pumpkin_01
9801	hw24_marika_throw_pumpkin_bin_01
9802	hw24_cat_rolling_shake_04
9803	hw24_cat_land_step2_01
9804	hw24_marika_jump_01
9805	hw24_crows_land_wind_01
9806	hw24_crows_01
9807	hw24_cat_lay_down_impact_01
9808	hw24_cat_rolling_shake_02
9809	hw24_crows_02
9810	hw24_cat_roll_to_floor_01
9811	hw24_cat_meow_01
9812	hw24_posty_pete_despawn_01
9813	hw24_cat_rolling_up_01
9814	hw24_marika_catch_pumpkin_01
9815	hw24_cat_spawn_01
9816	hw24_cat_despawn_01
9817	hw24_arm_raise_01
9818	hw24_cat_hiss_01
9819	hw24_crows_05
9820	hw24_updated_crows_single_flap_03
9821	hw24_crows_06
9822	hw24_updated_crows_single_flap_02
9823	hw24_updated_crows_single_flap_01
9824	coa_vault_door_open
9825	coa_axe_throw_charge_02
9826	coa_catch_axe_back_metal_swoosh_01
9827	coa_axe_spinning_01
9828	coa_alarm_2024
9829	coa_axe_throw_02
9830	coa_axe_thunder_01
9831	mah3_pedestal_heart_beat_2024
9832	coa_rock_golem_defend_close_01
9833	coa_rock_footstep_01
9834	coa_rock_golem_defend_open_02
9835	coa_rock_golem_death_boom_01
9836	coa_rock_golem_death_rubble_01
9837	coa_rock_golem_attack_pre_01
9838	coa_rock_footstep_02
9839	coa_rock_golem_death_scream_01
9840	coa_rock_golem_defend_open_01
9841	coa_rock_golem_attack_01
9842	coa_zombie_spawn_smoke_01
9843	coa_zombie_melee_arm_throw_01
9844	coa_zombie_arm_whoosh_01
9845	coa_axe_strike_01
9846	coa_axe_throw_metal_layer_01
9847	coa_vault_door_open_02
9848	coa_axe_return_spin_01
9849	coa_vault_door_close
9850	coa_vault_door_close_02
9851	coa_elias_bind_spell_charge_01
9852	coa_elias_bind_spell_drop_01
9853	coa_elias_bind_spell_open_chain_01
9854	coa_elias_bind_spell_drop_03
9855	coa_elias_bind_spell_open_chain_02_loop
9856	coa_elias_bind_spell_drop_02
9857	coa_elias_bind_spell_open_chain_04
9858	coa_elias_bind_spell_charge_02
9859	coa_elias_bind_spell_open_chain_04_loop
9860	coa_elias_bind_spell_charge_04
9861	coa_elias_bind_spell_charge_03
9862	coa_elias_bind_spell_open_chain_03
9863	coa_elias_bind_spell_open_chain_02
9864	coa_axe_throw_charge_03
9865	coa_zombie_spawn_shriek_01
9866	coa_axe_throw_01
9867	coa_axe_throw_charge_01
9868	coa_axe_catch_swish_01
9869	coa_zombie_attack_whoosh_01
9870	zemo_throwing_axe_2024_01
9871	coa_axe_catch_01
9872	mah3_arrav_throw
9873	leagues_5_npc_contanct_large_face_talk_01
9874	leagues_5_npc_contanct_large_face_talk_05
9875	leagues_5_player_death_bass_01
9876	leagues_5_npc_guardian_attack_magic_impact_01
9877	leagues_5_npc_guardian_attack_magic_01
9878	leagues_5_npc_guardian_attack_magic_02
9879	leagues_5_npc_contanct_large_face_appear_01
9880	leagues_5_hespori_special_att_release_01
9881	leagues_5_hespori_vines_despawn_01
9882	leagues_5_hespori_range_02
9883	leagues_5_hespori_vines_despawn_02
9884	leagues_5_hespori_vines_spawn_01
9885	leagues_5_hespori_special_end_spin_01
9886	leagues_5_hespori_range_01
9887	leagues_5_hespori_death_spin_01
9888	leagues_5_hespori_special_att_intro_01
9889	leagues_5_player_death_crackle_01
9890	leagues_5_player_home_teleport_player_float_up
9891	leagues_5_player_home_teleport_spirit_leave_02
9892	leagues_5_player_home_teleport_spirit_leave
9893	leagues_5_player_home_teleport_player_crouch
9894	leagues_5_player_home_teleport_draw_circle
9895	leagues_5_player_home_teleport_spirit_blast_off
9896	leagues_5_player_home_teleport_portal_open
9897	leagues_5_player_home_teleport_footstep
9898	leagues_5_player_home_teleport_portal_pulse
9899	leagues_5_player_home_teleport_player_pulled_through_portal
9900	leagues_5_god_sword_01
9901	leagues_5_player_echo_melee_mastery_vanish_03
9902	leagues_5_player_echo_melee_mastery_vanish_02
9903	leagues_5_player_echo_melee_mastery_whoosh_01
9904	leagues_5_player_echo_melee_mastery_vanish_01
9905	leagues_5_player_echo_melee_mastery_whoosh_03
9906	leagues_5_player_echo_melee_mastery_appear_03
9907	leagues_5_player_echo_melee_mastery_appear_q_03
9908	leagues_5_player_echo_melee_mastery_appear_01
9909	leagues_5_player_echo_melee_mastery_whoosh_q_04
9910	leagues_5_player_echo_melee_mastery_whoosh_02
9911	leagues_5_player_echo_melee_mastery_whoosh_q_03
9912	leagues_5_player_echo_melee_mastery_vanish_q_03
9913	leagues_5_player_echo_melee_mastery_appear_02
9914	leagues_5_player_echo_melee_mastery_whoosh_04
9915	leagues_5_player_death_boy_fall_01
9916	leagues_5_npc_contanct_spot_face_rise_01
9917	leagues_5_player_thunder_khopesh_whoosh_02
9918	leagues_5_player_thunder_khopesh_whoosh_03
9919	leagues_5_player_thunder_khopesh_whoosh_01
9920	leagues_5_npc_contanct_spot_face_rise_02
9921	leagues_5_npc_contanct_large_face_talk_04
9922	leagues_5_npc_contanct_large_face_multi_talk_02
9923	leagues_5_npc_contanct_large_fade_out_01
9924	leagues_5_player_natures_reprisal_charge
9925	leagues_5_player_natures_reprisal_shoot
9926	leagues_5_player_natures_reprisal_impact_01
9927	leagues_5_player_natures_reprisal_charge_01
9928	leagues_5_player_natures_reprisal_charge_02
9929	l5_gg_dawn_idle_fly_01
9930	l5_gg_dusk_enrage_spawn_flap_friction_01
9931	l5_gg_dawn_slash_leg_whoosh_01
9932	l5_gg_dawn_fly_wing_flap_03
9933	l5_gg_dusk_enrage_spawn_fall_back_scream_01
9934	l5_gg_dusk_fly_transition_wings_back_01
9935	l5_gg_dawn_att_range_wing_flap_01
9936	l5_gg_dusk_att_special_electric_03
9937	l5_gg_dusk_attack_forcefield_wings_shileld_01
9938	l5_gg_dawn_spawn_scream_02
9939	l5_gg_dawn_slash_wing_flap_01
9940	l5_dusk_enrage_charge_01
9941	l5_gg_dawn_spawn_scream_03
9942	l5_gg_dusk_fly_up_jump_wing_flap_01
9943	l5_gg_dawn_att_stun_charge_01
9944	l5_gg_dawn_att_stun_charge_02
9945	l5_gg_dusk_enrage_walk_sparks_01
9946	l5_gg_dusk_attack_forcefield_covered_sparks_01
9947	l5_gg_dusk_enrage_wing_move_01
9948	l5_gg_dusk_att_special_wing_flap_back_03
9949	l5_gg_dusk_fly_transition_wings_flap_01
9950	l5_gg_dawn_fly_wing_flap_05
9951	l5_gg_dusk_att_special_electric_07
9952	l5_gg_dawn_att_range_wing_flap_03
9953	l5_gg_dusk_fly_transition_wings_flap_02
9954	l5_gg_dusk_fly_flap_01
9955	l5_gg_dusk_enrage_scream_01
9956	l5_gg_dusk_fly_up_01
9957	l5_gg_dusk_att_special_electric_06
9958	l5_gg_dawn_fly_wing_flap_02
9959	l5_gg_dawn_wind_wave_impact_lower_vol_01
9960	l5_gg_dusk_att_special_wing_flap_back_02
9961	l5_gg_dusk_attack_forcefield_spark_impacts_04
9962	l5_gg_dusk_att_special_electric_04
9963	l5_gg_dusk_att_special_electric_01
9964	l5_gg_dawn_slash_leg_high_pitch_01
9965	l5_gg_dusk_attack_forcefield_spark_impacts_03
9966	l5_gg_dusk_fly_flap_back_01
9967	l5_gg_dusk_attack_forcefield_sparks_01
9968	l5_gg_dusk_att_special_electric_09
9969	l5_dusk_enrage_scream_01
9970	l5_gg_dawn_fly_wing_flap_01
9971	l5_gg_dusk_attack_sweep_01
9972	l5_gg_dusk_enrage_walk_sparks_02
9973	l5_gg_dusk_spawn_scream_02
9974	l5_gg_dusk_attack_forcefield_spark_impacts_01
9975	l5_gg_dusk_att_special_sparks_02
9976	l5_gg_dusk_enrage_spawn_wings_flap_back_01
9977	l5_gg_dusk_attack_forcefield_spark_impacts_05
9978	l5_gg_dusk_enrage_range_charge_01
9979	l5_gg_dawn_att_range_proj_01
9980	l5_gg_dusk_enrage_attack_slash_lightning_01
9981	l5_gg_dusk_enrage_spawn_fall_back_02
9982	l5_gg_dusk_att_special_electric_05
9983	l5_gg_dusk_fall_down_whoosh_01
9984	l5_gg_dawn_att_stun_wing_flap_02
9985	l5_gg_dusk_enrage_range_blast_01
9986	l5_gg_dusk_spawn_jump_01
9987	l5_gg_dusk_attack_forcefield_close_wings_01
9988	l5_gg_dusk_att_special_wing_flap_back_01
9989	l5_gg_dusk_attack_forcefield_spark_impacts_06
9990	gg_dusk_spawn_jump_land_01
9991	l5_dusk_enrage_quick_back_flap_01
9992	gg_dawn_attack_stun_proj_02
9993	l5_gg_dusk_spawn_scream_01
9994	l5_gg_dusk_fly_flap_friction_01
9995	l5_dusk_enrage_quick_back_flap_02
9996	l5_gg_dawn_spawn_back_flap_01
9997	l5_gg_dawn_att_range_proj_02
9998	l5_gg_dusk_fly_up_wing_flap_01
9999	l5_gg_dawn_spawn_wing_flap_01
10000	l5_gg_dusk_enrage_attack_slash_01
10001	l5_gg_dawn_att_range_wing_flap_02
10002	l5_gg_dawn_idle_fly_02
10003	l5_gg_dawn_att_stun_proj_01
10004	l5_gg_dawn_spawn_scream_01
10005	l5_gg_dusk_fly_transition_wings_flap_03
10006	l5_gg_dusk_enrage_spawn_fall_back_01
10007	l5_gg_dusk_att_special_electric_10
10008	l5_dusk_enrage_forward_flap_01
10009	l5_gg_dawn_slash_wing_flap_02
10010	l5_dusk_enrage_rumble_01
10011	l5_gg_dusk_att_special_electric_02
10012	l5_gg_dusk_enrage_spawn_arise_wing_flick_01
10013	l5_gg_dusk_wing_spawn_01
10014	l5_gg_dusk_att_special_electric_08
10015	l5_gg_defend_01
10016	l5_gg_dusk_wing_flap_back_01
10017	l5_gg_dusk_enrage_spawn_arise_01
10018	l5_gg_dusk_att_special_sparks_01
10019	l5_gg_dusk_enrage_range_blast_02
10020	l5_gg_dusk_attack_forcefield_spark_impacts_02
10021	l5_gg_dusk_attack_forcefield_bass_01
10022	l5_gg_dawn_fly_wing_flap_04
10023	l5_gg_dusk_attack_sweep_charge_01
10024	l5_gg_dusk_enrage_spawn_raise_01
10025	l5_gg_dawn_att_stun_wing_flap_01
10026	l5_gg_dusk_falling_rocks_01
10027	l5_cerberus_soul_range_proj_01
10028	l5_cerberus_summoned_soul_leap_01
10029	l5_cerberus_soul_mage_proj_01
10030	l5_cerberus_lava_spawn_01
10031	l5_cerberus_lava_spawn_peak_02
10032	l5_cerberus_lava_spawn_test
10033	l5_cerberus_lava_despawn_01
10034	l5_cerberus_lava_spawn_swoosh_01
10035	l5_cerberus_lava_spawn_peak_01
10036	l5_cerberus_lava_spawn_02
10037	leagues_5_spear_and_shield_whoosh_03
10038	leagues_5_spear_and_shield_rumble_01
10039	leagues_5_spear_and_shield_shield_slam_01
10040	leagues_5_spear_and_shield_attack_02
10041	leagues_5_spear_and_shield_whoosh_02
10042	leagues_5_spear_and_shield_whoosh_01
10043	leagues_5_spear_and_shield_attack_01
10044	l5_dagganoth_ground_rumble_01
10045	l5_sol_healing_totems_spawn_01
10046	l5_sol_crystal_beam_yellow_top_proj_post_launch_01
10047	l5_sol_healing_totems_spawn_02
10048	l5_combat_mastery_UI_sparks_silence_04
10049	l5_combat_mastery_UI_sparks_05
10050	l5_combat_mastery_UI_sparks_04
10051	l5_combat_mastery_UI_sparks_silence_05
10052	l5_combat_mastery_UI_sparks_10
10053	l5_combat_mastery_UI_sparks_08
10054	l5_combat_mastery_UI_sparks_11
10055	l5_combat_mastery_UI_sparks_silence_02
10056	l5_combat_mastery_UI_sparks_03
10057	l5_combat_mastery_UI_sparks_01
10058	l5_combat_mastery_UI_sparks_09
10059	l5_combat_mastery_UI_sparks_silence_03
10060	l5_combat_mastery_UI_sparks_06
10061	l5_combat_mastery_UI_sparks_07
10062	l5_combat_mastery_UI_sparks_silence_01
10063	l5_combat_mastery_UI_sparks_02
10064	leagues_5_npc_contanct_large_face_talk_02
10065	leagues_5_npc_contanct_spot_face_rise_03
10066	leagues_5_thermy_tornado_wind_06
10067	leagues_5_thermy_body_movement_01
10068	leagues_5_thermy_blue_proj_01
10069	leagues_5_thermy_tornado_wind_04
10070	leagues_5_thermy_tornado_wind_05
10071	leagues_5_damage_pool_spawn_01
10072	l5_thermy_spawn_01
10073	leagues_5_thermy_tornado_wind_03
10074	leagues_5_thermy_player_absorb_damage_pool_01
10075	leagues_5_thermy_tornado_wind_01
10076	leagues_5_thermy_purple_projectile_01
10077	leagues_5_thermy_tornado_wind_02
10078	leagues_5_thermy_rapid_projectile_01
10079	leagues_5_npc_contanct_spot_face_rise_04
10080	leagues_5_npc_contanct_large_face_multi_talk_01
10081	leagues_5_player_death_body_pulse_01
10082	hespori_special_attack_scream_01
10083	leagues_5_npc_contanct_large_fade_out_whish_01
10084	leagues_5_npc_contanct_large_face_appear_02
10085	leagues_5_npc_contanct_large_fade_out_02
10086	leagues_5_npc_contanct_large_face_appear_swoosh_01
10087	leagues_5_death_anim_overide_trail_03
10088	leagues_5_death_anim_overide_slump_02
10089	leagues_5_death_anim_overide_dead_01
10090	leagues_5_death_anim_overide_fall_01
10091	leagues_5_death_anim_overide_kneel_01
10092	leagues_5_death_anim_overide_slump_01
10093	leagues_5_death_anim_overide_slump_03
10094	leagues_5_npc_contanct_faces_spawn_01
10095	leagues_5_npc_contanct_faces_spawn_02
10096	xmas_2024_dog_whine_01
10097	xmas_2024_cat_meow_01
10098	xmas_2024_dog_awoo_01
10194	Deadeye
10195	toa_akkha_akkha_shadow_spawn_01
10196	varl_pm_blood_jaguar_spawn_02
10197	dt2_vardorvis_tentacle_axe_grab_despawn_groan_01
10198	dt2_whisperer_leeches_post_charge_02
10199	dt2_whisperer_egg_vanish_01
10200	dt2_whisperer_leeches_post_charge_01
